UserID,Gender
1,F
2,F
3,F
4,M
5,U
6,F
7,F
8,F
9,M
10,F
11,U
12,M
13,U
14,F
15,U
16,M
17,M
18,F
19,M
20,M
21,F
22,F
23,F
24,F
25,F
26,M
27,F
28,F
29,F
30,F
31,M
32,F
33,F
34,F
35,F
36,F
37,F
38,F
39,F
40,F
41,F
42,M
43,U
44,M
45,F
46,F
47,F
48,M
49,F
50,F
51,F
52,F
53,F
54,F
55,M
56,F
57,F
58,F
59,M
60,F
61,F
62,M
63,F
64,F
65,F
66,U
67,M
68,M
69,M
70,F
71,M
72,F
73,F
74,F
75,F
76,M
77,M
78,F
79,M
80,M
81,F
82,F
83,F
84,U
85,M
86,M
87,F
88,F
89,F
90,M
91,F
92,M
93,F
94,M
95,M
96,F
97,F
98,F
99,F
100,F
101,F
102,F
103,F
104,F
105,M
106,F
107,F
108,F
109,F
110,M
111,F
112,M
113,F
114,U
115,F
116,M
117,F
118,U
119,F
120,U
121,F
122,F
123,M
124,F
125,F
126,F
127,M
128,M
129,U
130,F
131,F
132,F
133,M
134,M
135,F
136,F
137,F
138,U
139,M
140,F
141,M
142,M
143,F
144,M
145,F
146,F
147,F
148,M
149,M
150,F
151,F
152,M
153,F
154,F
155,F
156,F
157,M
158,F
159,F
160,U
161,F
162,F
163,M
164,M
165,F
166,F
167,M
168,M
169,F
170,M
171,M
172,M
173,F
174,F
175,F
176,F
177,M
178,F
179,F
180,F
181,F
182,F
183,F
184,F
185,F
186,F
187,U
188,F
189,F
190,F
191,F
192,F
193,F
194,M
195,F
196,U
197,F
198,M
199,F
200,F
201,F
202,U
203,F
204,M
205,M
206,F
207,U
208,F
209,F
210,M
211,F
212,F
213,M
214,F
215,F
216,M
217,U
218,U
219,M
220,F
221,M
222,F
223,F
224,F
225,F
226,F
227,F
228,F
229,U
230,F
231,F
232,M
233,F
234,F
235,F
236,F
237,F
238,M
239,U
240,U
241,M
242,F
243,U
244,F
245,F
246,F
247,M
248,F
249,F
250,M
251,F
252,F
253,M
254,M
255,F
256,F
257,F
258,F
259,M
260,F
261,F
262,F
263,U
264,U
265,F
266,F
267,U
268,F
269,F
270,F
271,F
272,F
273,M
274,F
275,F
276,F
277,F
278,F
279,F
280,F
281,F
282,M
283,F
284,F
285,F
286,F
287,F
288,M
289,M
290,U
291,M
292,F
293,F
294,F
295,F
296,F
297,F
298,F
299,F
300,M
301,F
302,M
303,M
304,F
305,M
306,F
307,F
308,M
309,F
310,M
311,M
312,F
313,F
314,M
315,F
316,F
317,M
318,M
319,F
320,F
321,F
322,M
323,F
324,F
325,F
326,M
327,M
328,F
329,M
330,M
331,F
332,M
333,F
334,F
335,U
336,F
337,F
338,M
339,M
340,U
341,U
342,F
343,F
344,F
345,F
346,F
347,F
348,M
349,F
350,M
351,F
352,F
353,M
354,M
355,U
356,M
357,F
358,F
359,F
360,F
361,F
362,F
363,M
364,F
365,F
366,M
367,F
368,F
369,M
370,F
371,M
372,M
373,F
374,F
375,F
376,M
377,M
378,U
379,F
380,F
381,M
382,F
383,F
384,F
385,M
386,F
387,F
388,F
389,F
390,F
391,F
392,F
393,F
394,U
395,F
396,F
397,M
398,U
399,F
400,F
401,F
402,F
403,M
404,F
405,M
406,M
407,M
408,F
409,F
410,F
411,F
412,F
413,F
414,F
415,M
416,M
417,M
418,F
419,U
420,M
421,U
422,F
423,F
424,M
425,F
426,F
427,F
428,U
429,F
430,M
431,M
432,F
433,U
434,M
435,M
436,M
437,U
438,F
439,F
440,U
441,F
442,M
443,M
444,F
445,U
446,M
447,F
448,M
449,F
450,M
451,F
452,F
453,F
454,F
455,F
456,F
457,F
458,F
459,F
460,M
461,F
462,F
463,F
464,F
465,M
466,F
467,F
468,F
469,M
470,M
471,F
472,F
473,F
474,M
475,F
476,M
477,F
478,M
479,F
480,M
481,M
482,M
483,F
484,U
485,F
486,F
487,F
488,M
489,U
490,F
491,M
492,F
493,F
494,F
495,F
496,F
497,M
498,M
499,M
500,F
501,F
502,F
503,M
504,M
505,F
506,M
507,M
508,F
509,F
510,M
511,F
512,F
513,F
514,F
515,F
516,F
517,F
518,U
519,M
520,F
521,U
522,F
523,M
524,F
525,F
526,F
527,F
528,M
529,F
530,F
531,F
532,F
533,U
534,U
535,F
536,F
537,M
538,F
539,F
540,F
541,F
542,M
543,M
544,F
545,M
546,M
547,F
548,F
549,F
550,F
551,F
552,F
553,F
554,F
555,F
556,F
557,F
558,F
559,F
560,F
561,F
562,F
563,F
564,F
565,M
566,F
567,F
568,F
569,F
570,F
571,M
572,F
573,F
574,F
575,F
576,F
577,M
578,F
579,F
580,F
581,F
582,F
583,F
584,M
585,F
586,F
587,F
588,F
589,F
590,F
591,F
592,F
593,F
594,F
595,F
596,F
597,F
598,M
599,U
600,F
601,F
602,U
603,F
604,U
605,U
606,F
607,F
608,F
609,F
610,F
611,F
612,M
613,M
614,M
615,F
616,F
617,F
618,F
619,M
620,U
621,F
622,U
623,F
624,F
625,F
626,M
627,F
628,F
629,F
630,M
631,M
632,M
633,F
634,F
635,F
636,U
637,F
638,F
639,F
640,F
641,M
642,F
643,F
644,M
645,F
646,M
647,M
648,F
649,F
650,F
651,F
652,F
653,F
654,F
655,F
656,F
657,M
658,F
659,F
660,F
661,F
662,F
663,F
664,F
665,F
666,F
667,U
668,F
669,F
670,F
671,F
672,M
673,F
674,F
675,F
676,F
677,F
678,F
679,F
680,F
681,F
682,F
683,F
684,M
685,F
686,M
687,M
688,F
689,U
690,F
691,M
692,F
693,F
694,M
695,M
696,F
697,U
698,M
699,F
700,M
701,F
702,F
703,F
704,M
705,M
706,F
707,U
708,F
709,F
710,F
711,F
712,M
713,M
714,M
715,F
716,F
717,M
718,F
719,M
720,M
721,F
722,F
723,F
724,F
725,M
726,F
727,M
728,M
729,F
730,M
731,F
732,M
733,F
734,F
735,F
736,F
737,F
738,M
739,F
740,F
741,F
742,M
743,F
744,F
745,F
746,F
747,F
748,F
749,M
750,F
751,F
752,F
753,M
754,M
755,F
756,F
757,F
758,F
759,F
760,F
761,F
762,M
763,M
764,F
765,F
766,M
767,F
768,F
769,F
770,F
771,F
772,F
773,F
774,M
775,F
776,F
777,M
778,F
779,M
780,M
781,F
782,F
783,F
784,U
785,F
786,M
787,M
788,F
789,M
790,F
791,F
792,U
793,F
794,F
795,U
796,M
797,M
798,F
799,F
800,F
801,F
802,F
803,F
804,M
805,U
806,F
807,M
808,F
809,F
810,U
811,F
812,M
813,F
814,F
815,F
816,M
817,F
818,F
819,F
820,M
821,F
822,F
823,F
824,F
825,F
826,F
827,F
828,F
829,F
830,F
831,M
832,F
833,F
834,F
835,F
836,U
837,F
838,F
839,U
840,F
841,F
842,M
843,M
844,M
845,F
846,F
847,F
848,F
849,F
850,F
851,F
852,U
853,M
854,F
855,U
856,F
857,F
858,F
859,F
860,U
861,M
862,M
863,F
864,M
865,F
866,U
867,F
868,F
869,M
870,F
871,F
872,M
873,U
874,F
875,M
876,F
877,F
878,M
879,F
880,F
881,F
882,M
883,F
884,F
885,F
886,F
887,F
888,F
889,F
890,F
891,F
892,F
893,F
894,M
895,U
896,F
897,F
898,F
899,U
900,F
901,M
902,U
903,M
904,F
905,F
906,F
907,F
908,F
909,U
910,F
911,F
912,U
913,F
914,F
915,U
916,F
917,U
918,M
919,M
920,F
921,F
922,M
923,F
924,F
925,M
926,F
927,M
928,F
929,F
930,F
931,M
932,F
933,F
934,F
935,F
936,M
937,F
938,F
939,F
940,F
941,F
942,F
943,F
944,F
945,F
946,F
947,F
948,F
949,F
950,F
951,F
952,F
953,F
954,F
955,U
956,F
957,U
958,M
959,F
960,F
961,F
962,F
963,F
964,M
965,F
966,F
967,F
968,M
969,F
970,F
971,F
972,U
973,M
974,F
975,F
976,F
977,F
978,F
979,F
980,U
981,U
982,F
983,F
984,F
985,U
986,F
987,M
988,F
989,U
990,M
991,M
992,F
993,F
994,F
995,M
996,M
997,M
998,F
999,F
1000,F
1001,F
1002,F
1003,F
1004,F
1005,M
1006,F
1007,F
1008,F
1009,M
1010,F
1011,U
1012,M
1013,F
1014,M
1015,U
1016,F
1017,M
1018,M
1019,F
1020,U
1021,F
1022,F
1023,F
1024,F
1025,F
1026,F
1027,F
1028,F
1029,F
1030,F
1031,F
1032,M
1033,F
1034,F
1035,F
1036,F
1037,F
1038,M
1039,F
1040,M
1041,F
1042,F
1043,F
1044,F
1045,F
1046,F
1047,U
1048,F
1049,F
1050,F
1051,F
1052,F
1053,F
1054,F
1055,M
1056,U
1057,M
1058,F
1059,M
1060,F
1061,F
1062,M
1063,M
1064,F
1065,F
1066,F
1067,U
1068,F
1069,F
1070,M
1071,F
1072,F
1073,M
1074,F
1075,F
1076,M
1077,F
1078,M
1079,F
1080,M
1081,F
1082,F
1083,F
1084,F
1085,M
1086,F
1087,U
1088,M
1089,U
1090,F
1091,F
1092,M
1093,F
1094,F
1095,F
1096,U
1097,F
1098,F
1099,M
1100,F
1101,M
1102,M
1103,F
1104,F
1105,U
1106,M
1107,F
1108,M
1109,F
1110,F
1111,F
1112,M
1113,F
1114,F
1115,F
1116,M
1117,F
1118,F
1119,F
1120,F
1121,F
1122,F
1123,F
1124,F
1125,F
1126,M
1127,F
1128,M
1129,F
1130,F
1131,U
1132,F
1133,F
1134,F
1135,F
1136,F
1137,F
1138,F
1139,M
1140,F
1141,F
1142,F
1143,F
1144,F
1145,M
1146,M
1147,F
1148,M
1149,F
1150,F
1151,F
1152,M
1153,F
1154,F
1155,F
1156,F
1157,M
1158,M
1159,F
1160,F
1161,F
1162,F
1163,F
1164,M
1165,M
1166,F
1167,F
1168,F
1169,F
1170,F
1171,F
1172,M
1173,F
1174,F
1175,F
1176,M
1177,F
1178,F
1179,U
1180,F
1181,M
1182,M
1183,F
1184,M
1185,F
1186,F
1187,U
1188,F
1189,F
1190,U
1191,F
1192,M
1193,F
1194,M
1195,M
1196,F
1197,F
1198,U
1199,F
1200,M
1201,F
1202,F
1203,F
1204,M
1205,F
1206,F
1207,M
1208,F
1209,U
1210,U
1211,F
1212,F
1213,F
1214,F
1215,M
1216,F
1217,F
1218,F
1219,M
1220,F
1221,M
1222,F
1223,F
1224,U
1225,M
1226,F
1227,F
1228,F
1229,M
1230,F
1231,F
1232,F
1233,F
1234,F
1235,U
1236,F
1237,F
1238,M
1239,F
1240,F
1241,F
1242,F
1243,F
1244,F
1245,F
1246,M
1247,F
1248,F
1249,F
1250,M
1251,F
1252,F
1253,F
1254,F
1255,F
1256,F
1257,U
1258,M
1259,F
1260,F
1261,M
1262,M
1263,F
1264,F
1265,U
1266,U
1267,F
1268,M
1269,F
1270,M
1271,M
1272,F
1273,U
1274,F
1275,F
1276,M
1277,F
1278,F
1279,F
1280,M
1281,F
1282,F
1283,F
1284,F
1285,M
1286,U
1287,F
1288,F
1289,F
1290,F
1291,F
1292,M
1293,F
1294,F
1295,F
1296,U
1297,M
1298,M
1299,F
1300,M
1301,F
1302,M
1303,F
1304,U
1305,M
1306,F
1307,F
1308,F
1309,F
1310,U
1311,F
1312,F
1313,F
1314,F
1315,F
1316,F
1317,M
1318,U
1319,F
1320,F
1321,F
1322,F
1323,F
1324,F
1325,M
1326,M
1327,M
1328,M
1329,M
1330,F
1331,F
1332,U
1333,M
1334,U
1335,F
1336,F
1337,M
1338,F
1339,M
1340,U
1341,F
1342,F
1343,F
1344,F
1345,F
1346,U
1347,F
1348,U
1349,F
1350,M
1351,U
1352,U
1353,M
1354,M
1355,M
1356,M
1357,F
1358,M
1359,F
1360,F
1361,F
1362,M
1363,F
1364,F
1365,F
1366,M
1367,F
1368,U
1369,F
1370,F
1371,F
1372,M
1373,F
1374,F
1375,F
1376,F
1377,F
1378,F
1379,F
1380,F
1381,F
1382,F
1383,M
1384,M
1385,U
1386,M
1387,F
1388,F
1389,F
1390,U
1391,F
1392,F
1393,F
1394,M
1395,F
1396,U
1397,F
1398,U
1399,F
1400,F
1401,M
1402,F
1403,U
1404,F
1405,F
1406,M
1407,F
1408,F
1409,M
1410,F
1411,F
1412,F
1413,M
1414,U
1415,F
1416,F
1417,F
1418,M
1419,M
1420,F
1421,F
1422,M
1423,F
1424,F
1425,M
1426,F
1427,F
1428,U
1429,U
1430,M
1431,M
1432,F
1433,F
1434,F
1435,F
1436,F
1437,F
1438,F
1439,F
1440,F
1441,F
1442,F
1443,F
1444,M
1445,F
1446,U
1447,F
1448,M
1449,F
1450,M
1451,F
1452,M
1453,F
1454,M
1455,F
1456,U
1457,F
1458,F
1459,M
1460,F
1461,F
1462,F
1463,F
1464,F
1465,F
1466,F
1467,F
1468,F
1469,F
1470,F
1471,U
1472,F
1473,F
1474,U
1475,F
1476,F
1477,U
1478,U
1479,F
1480,F
1481,F
1482,F
1483,M
1484,F
1485,F
1486,U
1487,F
1488,F
1489,F
1490,U
1491,F
1492,F
1493,F
1494,F
1495,M
1496,F
1497,M
1498,M
1499,M
1500,F
1501,M
1502,F
1503,F
1504,F
1505,F
1506,U
1507,U
1508,M
1509,M
1510,U
1511,F
1512,F
1513,F
1514,M
1515,M
1516,F
1517,F
1518,F
1519,F
1520,F
1521,F
1522,M
1523,M
1524,F
1525,F
1526,F
1527,M
1528,M
1529,M
1530,F
1531,F
1532,F
1533,M
1534,F
1535,F
1536,F
1537,M
1538,F
1539,F
1540,F
1541,F
1542,F
1543,F
1544,F
1545,F
1546,M
1547,U
1548,F
1549,F
1550,F
1551,M
1552,F
1553,F
1554,F
1555,F
1556,M
1557,F
1558,F
1559,F
1560,F
1561,F
1562,M
1563,M
1564,F
1565,F
1566,F
1567,F
1568,F
1569,F
1570,F
1571,U
1572,M
1573,F
1574,M
1575,U
1576,M
1577,F
1578,M
1579,F
1580,F
1581,F
1582,M
1583,M
1584,M
1585,F
1586,U
1587,F
1588,F
1589,F
1590,M
1591,M
1592,M
1593,U
1594,F
1595,F
1596,F
1597,M
1598,F
1599,F
1600,M
1601,F
1602,U
1603,F
1604,M
1605,F
1606,F
1607,F
1608,M
1609,F
1610,F
1611,F
1612,F
1613,M
1614,F
1615,F
1616,M
1617,M
1618,F
1619,F
1620,F
1621,F
1622,M
1623,F
1624,F
1625,U
1626,F
1627,M
1628,U
1629,M
1630,F
1631,U
1632,F
1633,F
1634,M
1635,M
1636,M
1637,M
1638,F
1639,F
1640,F
1641,M
1642,F
1643,F
1644,F
1645,F
1646,F
1647,M
1648,F
1649,F
1650,F
1651,M
1652,F
1653,F
1654,F
1655,M
1656,U
1657,M
1658,F
1659,M
1660,M
1661,F
1662,F
1663,F
1664,F
1665,M
1666,U
1667,U
1668,F
1669,M
1670,U
1671,U
1672,U
1673,F
1674,F
1675,F
1676,M
1677,F
1678,F
1679,F
1680,F
1681,F
1682,F
1683,F
1684,M
1685,F
1686,F
1687,F
1688,U
1689,M
1690,F
1691,M
1692,F
1693,U
1694,U
1695,F
1696,M
1697,F
1698,F
1699,U
1700,F
1701,F
1702,M
1703,F
1704,M
1705,F
1706,M
1707,M
1708,F
1709,F
1710,M
1711,F
1712,F
1713,F
1714,U
1715,F
1716,M
1717,F
1718,M
1719,F
1720,M
1721,M
1722,F
1723,F
1724,F
1725,F
1726,U
1727,F
1728,F
1729,M
1730,F
1731,F
1732,F
1733,F
1734,F
1735,F
1736,F
1737,U
1738,F
1739,F
1740,F
1741,M
1742,F
1743,F
1744,U
1745,F
1746,F
1747,F
1748,F
1749,F
1750,F
1751,F
1752,F
1753,M
1754,F
1755,F
1756,F
1757,F
1758,F
1759,F
1760,M
1761,F
1762,F
1763,F
1764,F
1765,M
1766,F
1767,F
1768,F
1769,F
1770,F
1771,F
1772,M
1773,F
1774,F
1775,F
1776,F
1777,F
1778,F
1779,F
1780,F
1781,U
1782,M
1783,F
1784,M
1785,F
1786,F
1787,F
1788,F
1789,F
1790,U
1791,M
1792,M
1793,F
1794,F
1795,U
1796,U
1797,M
1798,U
1799,F
1800,F
1801,F
1802,U
1803,F
1804,F
1805,F
1806,F
1807,F
1808,F
1809,F
1810,U
1811,F
1812,F
1813,F
1814,F
1815,M
1816,U
1817,M
1818,F
1819,F
1820,M
1821,M
1822,F
1823,M
1824,F
1825,F
1826,U
1827,F
1828,F
1829,F
1830,F
1831,F
1832,F
1833,M
1834,U
1835,F
1836,F
1837,U
1838,M
1839,F
1840,M
1841,U
1842,F
1843,F
1844,F
1845,M
1846,M
1847,F
1848,M
1849,F
1850,F
1851,F
1852,M
1853,U
1854,F
1855,F
1856,F
1857,F
1858,F
1859,F
1860,F
1861,F
1862,M
1863,U
1864,M
1865,U
1866,F
1867,U
1868,M
1869,M
1870,F
1871,M
1872,F
1873,M
1874,F
1875,F
1876,F
1877,F
1878,F
1879,F
1880,F
1881,F
1882,M
1883,F
1884,F
1885,F
1886,F
1887,F
1888,F
1889,M
1890,M
1891,F
1892,M
1893,F
1894,F
1895,U
1896,F
1897,F
1898,F
1899,M
1900,F
1901,F
1902,F
1903,F
1904,F
1905,F
1906,F
1907,F
1908,F
1909,F
1910,F
1911,F
1912,M
1913,F
1914,F
1915,M
1916,F
1917,M
1918,F
1919,F
1920,F
1921,F
1922,F
1923,F
1924,M
1925,F
1926,F
1927,U
1928,F
1929,F
1930,F
1931,F
1932,M
1933,F
1934,F
1935,F
1936,F
1937,F
1938,F
1939,F
1940,F
1941,M
1942,U
1943,F
1944,U
1945,F
1946,F
1947,F
1948,F
1949,M
1950,F
1951,F
1952,M
1953,F
1954,M
1955,F
1956,M
1957,F
1958,M
1959,F
1960,F
1961,F
1962,F
1963,U
1964,F
1965,U
1966,F
1967,M
1968,M
1969,F
1970,M
1971,M
1972,U
1973,U
1974,F
1975,M
1976,F
1977,F
1978,F
1979,F
1980,F
1981,F
1982,F
1983,F
1984,F
1985,F
1986,U
1987,F
1988,U
1989,M
1990,F
1991,F
1992,F
1993,F
1994,F
1995,U
1996,F
1997,M
1998,F
1999,F
2000,F
2001,M
2002,F
2003,F
2004,M
2005,M
2006,F
2007,M
2008,F
2009,M
2010,M
2011,F
2012,F
2013,F
2014,F
2015,F
2016,F
2017,M
2018,M
2019,F
2020,F
2021,F
2022,F
2023,F
2024,F
2025,F
2026,F
2027,F
2028,M
2029,F
2030,F
2031,F
2032,F
2033,F
2034,M
2035,F
2036,F
2037,M
2038,F
2039,F
2040,F
2041,F
2042,M
2043,M
2044,M
2045,F
2046,F
2047,F
2048,F
2049,F
2050,M
2051,F
2052,U
2053,F
2054,U
2055,F
2056,M
2057,M
2058,M
2059,M
2060,F
2061,F
2062,F
2063,F
2064,F
2065,F
2066,F
2067,M
2068,F
2069,F
2070,U
2071,F
2072,F
2073,F
2074,F
2075,F
2076,F
2077,M
2078,U
2079,F
2080,F
2081,F
2082,M
2083,F
2084,F
2085,F
2086,F
2087,M
2088,F
2089,M
2090,F
2091,F
2092,F
2093,U
2094,F
2095,M
2096,M
2097,F
2098,F
2099,F
2100,F
2101,M
2102,F
2103,F
2104,F
2105,F
2106,F
2107,F
2108,F
2109,F
2110,F
2111,F
2112,F
2113,F
2114,F
2115,M
2116,U
2117,M
2118,M
2119,F
2120,F
2121,M
2122,F
2123,F
2124,F
2125,F
2126,U
2127,M
2128,F
2129,F
2130,M
2131,M
2132,F
2133,M
2134,F
2135,F
2136,M
2137,M
2138,F
2139,F
2140,F
2141,M
2142,M
2143,F
2144,F
2145,F
2146,F
2147,F
2148,F
2149,F
2150,M
2151,U
2152,F
2153,F
2154,M
2155,F
2156,F
2157,F
2158,F
2159,M
2160,F
2161,F
2162,F
2163,M
2164,M
2165,F
2166,F
2167,U
2168,F
2169,F
2170,F
2171,M
2172,F
2173,F
2174,M
2175,M
2176,F
2177,F
2178,F
2179,U
2180,F
2181,M
2182,F
2183,F
2184,M
2185,F
2186,F
2187,M
2188,U
2189,F
2190,M
2191,F
2192,M
2193,U
2194,F
2195,F
2196,M
2197,M
2198,U
2199,U
2200,F
2201,F
2202,F
2203,F
2204,F
2205,F
2206,M
2207,F
2208,F
2209,U
2210,F
2211,F
2212,F
2213,U
2214,F
2215,U
2216,M
2217,F
2218,F
2219,F
2220,M
2221,M
2222,F
2223,M
2224,F
2225,F
2226,F
2227,F
2228,M
2229,F
2230,M
2231,U
2232,F
2233,F
2234,F
2235,M
2236,F
2237,F
2238,M
2239,U
2240,F
2241,U
2242,F
2243,M
2244,F
2245,F
2246,F
2247,M
2248,F
2249,F
2250,M
2251,F
2252,U
2253,F
2254,F
2255,F
2256,F
2257,M
2258,F
2259,U
2260,F
2261,F
2262,F
2263,U
2264,F
2265,F
2266,F
2267,F
2268,U
2269,F
2270,M
2271,M
2272,U
2273,F
2274,F
2275,M
2276,F
2277,M
2278,U
2279,M
2280,F
2281,U
2282,U
2283,F
2284,M
2285,U
2286,M
2287,M
2288,F
2289,F
2290,F
2291,F
2292,M
2293,M
2294,M
2295,F
2296,F
2297,F
2298,F
2299,F
2300,F
2301,F
2302,F
2303,F
2304,F
2305,F
2306,F
2307,M
2308,M
2309,F
2310,F
2311,M
2312,F
2313,F
2314,F
2315,F
2316,F
2317,M
2318,M
2319,F
2320,U
2321,F
2322,M
2323,F
2324,F
2325,F
2326,F
2327,F
2328,M
2329,M
2330,F
2331,F
2332,F
2333,F
2334,M
2335,F
2336,F
2337,M
2338,F
2339,F
2340,F
2341,F
2342,M
2343,F
2344,M
2345,M
2346,F
2347,U
2348,M
2349,M
2350,F
2351,M
2352,F
2353,M
2354,M
2355,F
2356,F
2357,F
2358,F
2359,F
2360,F
2361,F
2362,F
2363,F
2364,F
2365,F
2366,M
2367,U
2368,F
2369,F
2370,F
2371,F
2372,M
2373,F
2374,F
2375,U
2376,F
2377,U
2378,F
2379,F
2380,M
2381,F
2382,F
2383,F
2384,F
2385,M
2386,F
2387,F
2388,F
2389,F
2390,F
2391,F
2392,F
2393,F
2394,F
2395,U
2396,F
2397,F
2398,F
2399,F
2400,F
2401,F
2402,M
2403,F
2404,F
2405,F
2406,F
2407,F
2408,M
2409,F
2410,F
2411,U
2412,F
2413,F
2414,F
2415,F
2416,F
2417,F
2418,F
2419,F
2420,F
2421,F
2422,F
2423,F
2424,F
2425,U
2426,F
2427,F
2428,F
2429,F
2430,F
2431,F
2432,F
2433,F
2434,M
2435,F
2436,F
2437,M
2438,F
2439,F
2440,F
2441,F
2442,M
2443,F
2444,M
2445,F
2446,F
2447,M
2448,F
2449,F
2450,F
2451,U
2452,M
2453,F
2454,M
2455,F
2456,M
2457,F
2458,F
2459,F
2460,F
2461,F
2462,M
2463,F
2464,F
2465,M
2466,M
2467,F
2468,F
2469,F
2470,F
2471,F
2472,M
2473,F
2474,F
2475,F
2476,F
2477,F
2478,M
2479,F
2480,U
2481,F
2482,F
2483,M
2484,F
2485,M
2486,F
2487,F
2488,F
2489,F
2490,M
2491,F
2492,F
2493,F
2494,F
2495,F
2496,U
2497,U
2498,F
2499,F
2500,F
2501,F
2502,F
2503,F
2504,F
2505,F
2506,F
2507,F
2508,M
2509,M
2510,F
2511,F
2512,M
2513,F
2514,F
2515,F
2516,M
2517,U
2518,F
2519,F
2520,F
2521,F
2522,M
2523,M
2524,M
2525,M
2526,F
2527,F
2528,F
2529,F
2530,F
2531,F
2532,F
2533,F
2534,F
2535,M
2536,U
2537,F
2538,F
2539,F
2540,F
2541,F
2542,M
2543,F
2544,M
2545,F
2546,F
2547,F
2548,F
2549,F
2550,U
2551,M
2552,F
2553,M
2554,F
2555,F
2556,F
2557,F
2558,F
2559,M
2560,F
2561,F
2562,F
2563,F
2564,F
2565,F
2566,F
2567,F
2568,F
2569,F
2570,U
2571,F
2572,F
2573,F
2574,F
2575,U
2576,M
2577,F
2578,U
2579,F
2580,F
2581,F
2582,F
2583,F
2584,M
2585,F
2586,F
2587,F
2588,M
2589,F
2590,F
2591,F
2592,F
2593,F
2594,U
2595,F
2596,M
2597,F
2598,F
2599,M
2600,F
2601,M
2602,F
2603,F
2604,F
2605,M
2606,F
2607,F
2608,M
2609,M
2610,F
2611,F
2612,F
2613,M
2614,F
2615,F
2616,U
2617,F
2618,U
2619,F
2620,F
2621,F
2622,M
2623,F
2624,F
2625,F
2626,F
2627,F
2628,M
2629,U
2630,M
2631,F
2632,M
2633,U
2634,M
2635,F
2636,F
2637,M
2638,U
2639,M
2640,M
2641,F
2642,F
2643,M
2644,F
2645,F
2646,M
2647,F
2648,F
2649,F
2650,F
2651,F
2652,F
2653,M
2654,F
2655,U
2656,F
2657,M
2658,F
2659,F
2660,U
2661,F
2662,F
2663,M
2664,U
2665,M
2666,F
2667,F
2668,F
2669,F
2670,F
2671,F
2672,M
2673,M
2674,M
2675,F
2676,F
2677,F
2678,M
2679,F
2680,F
2681,F
2682,F
2683,F
2684,U
2685,F
2686,U
2687,F
2688,M
2689,F
2690,U
2691,M
2692,M
2693,F
2694,M
2695,F
2696,F
2697,U
2698,F
2699,F
2700,U
2701,U
2702,F
2703,F
2704,M
2705,M
2706,F
2707,F
2708,F
2709,M
2710,F
2711,M
2712,F
2713,F
2714,F
2715,F
2716,F
2717,F
2718,F
2719,M
2720,F
2721,F
2722,F
2723,F
2724,F
2725,F
2726,M
2727,F
2728,M
2729,M
2730,M
2731,M
2732,F
2733,F
2734,F
2735,F
2736,U
2737,F
2738,F
2739,U
2740,F
2741,F
2742,F
2743,F
2744,F
2745,F
2746,M
2747,F
2748,F
2749,U
2750,M
2751,F
2752,U
2753,F
2754,M
2755,F
2756,F
2757,F
2758,F
2759,F
2760,F
2761,U
2762,F
2763,U
2764,M
2765,F
2766,F
2767,U
2768,F
2769,F
2770,F
2771,M
2772,F
2773,F
2774,F
2775,U
2776,F
2777,F
2778,F
2779,F
2780,F
2781,F
2782,F
2783,F
2784,F
2785,F
2786,F
2787,F
2788,M
2789,F
2790,F
2791,U
2792,F
2793,F
2794,F
2795,F
2796,F
2797,M
2798,F
2799,F
2800,F
2801,F
2802,M
2803,F
2804,M
2805,F
2806,M
2807,M
2808,U
2809,F
2810,U
2811,U
2812,F
2813,F
2814,U
2815,F
2816,F
2817,F
2818,M
2819,F
2820,F
2821,F
2822,U
2823,F
2824,U
2825,F
2826,F
2827,F
2828,F
2829,M
2830,F
2831,M
2832,F
2833,F
2834,M
2835,M
2836,F
2837,F
2838,F
2839,U
2840,F
2841,F
2842,F
2843,F
2844,F
2845,F
2846,F
2847,F
2848,F
2849,F
2850,F
2851,F
2852,M
2853,F
2854,U
2855,U
2856,M
2857,F
2858,F
2859,F
2860,F
2861,F
2862,M
2863,F
2864,F
2865,F
2866,F
2867,F
2868,M
2869,F
2870,M
2871,F
2872,F
2873,F
2874,M
2875,F
2876,F
2877,F
2878,F
2879,F
2880,F
2881,F
2882,F
2883,F
2884,F
2885,F
2886,F
2887,F
2888,F
2889,F
2890,F
2891,F
2892,F
2893,M
2894,F
2895,F
2896,F
2897,F
2898,F
2899,U
2900,F
2901,F
2902,U
2903,M
2904,F
2905,M
2906,F
2907,M
2908,F
2909,M
2910,F
2911,M
2912,U
2913,F
2914,F
2915,F
2916,F
2917,U
2918,F
2919,F
2920,F
2921,F
2922,F
2923,F
2924,F
2925,F
2926,F
2927,F
2928,M
2929,F
2930,F
2931,F
2932,M
2933,F
2934,F
2935,U
2936,F
2937,F
2938,M
2939,U
2940,F
2941,F
2942,M
2943,F
2944,F
2945,F
2946,F
2947,M
2948,F
2949,F
2950,F
2951,F
2952,F
2953,F
2954,M
2955,M
2956,M
2957,F
2958,U
2959,F
2960,F
2961,F
2962,U
2963,F
2964,U
2965,U
2966,F
2967,F
2968,F
2969,F
2970,F
2971,F
2972,F
2973,F
2974,F
2975,F
2976,F
2977,U
2978,F
2979,F
2980,F
2981,F
2982,U
2983,F
2984,M
2985,F
2986,F
2987,U
2988,M
2989,M
2990,F
2991,U
2992,F
2993,F
2994,F
2995,F
2996,M
2997,M
2998,F
2999,F
3000,F
3001,F
3002,U
3003,F
3004,F
3005,F
3006,U
3007,F
3008,F
3009,M
3010,M
3011,M
3012,F
3013,F
3014,F
3015,U
3016,M
3017,F
3018,F
3019,F
3020,F
3021,F
3022,M
3023,F
3024,F
3025,M
3026,M
3027,U
3028,F
3029,F
3030,F
3031,F
3032,F
3033,F
3034,M
3035,F
3036,M
3037,M
3038,F
3039,F
3040,F
3041,F
3042,F
3043,U
3044,F
3045,F
3046,M
3047,F
3048,F
3049,F
3050,F
3051,F
3052,F
3053,F
3054,U
3055,F
3056,F
3057,F
3058,M
3059,U
3060,M
3061,F
3062,M
3063,M
3064,F
3065,F
3066,F
3067,M
3068,M
3069,F
3070,F
3071,F
3072,M
3073,F
3074,U
3075,M
3076,M
3077,F
3078,F
3079,F
3080,U
3081,F
3082,U
3083,F
3084,F
3085,F
3086,F
3087,M
3088,F
3089,F
3090,M
3091,F
3092,M
3093,F
3094,F
3095,M
3096,F
3097,F
3098,F
3099,F
3100,F
3101,F
3102,F
3103,M
3104,U
3105,M
3106,F
3107,M
3108,M
3109,M
3110,F
3111,F
3112,F
3113,F
3114,M
3115,F
3116,U
3117,F
3118,F
3119,F
3120,F
3121,M
3122,F
3123,F
3124,F
3125,U
3126,F
3127,F
3128,F
3129,F
3130,F
3131,F
3132,F
3133,M
3134,F
3135,F
3136,U
3137,M
3138,M
3139,F
3140,M
3141,U
3142,F
3143,M
3144,F
3145,F
3146,F
3147,U
3148,F
3149,M
3150,F
3151,F
3152,F
3153,F
3154,F
3155,M
3156,F
3157,F
3158,U
3159,F
3160,F
3161,M
3162,F
3163,F
3164,M
3165,F
3166,F
3167,M
3168,F
3169,M
3170,F
3171,M
3172,M
3173,M
3174,M
3175,F
3176,F
3177,F
3178,F
3179,F
3180,F
3181,F
3182,U
3183,F
3184,F
3185,F
3186,F
3187,M
3188,M
3189,U
3190,F
3191,U
3192,F
3193,F
3194,U
3195,F
3196,M
3197,F
3198,F
3199,M
3200,F
3201,F
3202,F
3203,F
3204,F
3205,U
3206,M
3207,F
3208,M
3209,F
3210,F
3211,F
3212,F
3213,F
3214,F
3215,F
3216,F
3217,F
3218,F
3219,F
3220,F
3221,F
3222,F
3223,U
3224,F
3225,F
3226,M
3227,F
3228,F
3229,M
3230,U
3231,M
3232,F
3233,U
3234,M
3235,M
3236,F
3237,F
3238,F
3239,F
3240,F
3241,U
3242,F
3243,F
3244,F
3245,M
3246,F
3247,F
3248,M
3249,F
3250,U
3251,F
3252,F
3253,F
3254,M
3255,M
3256,M
3257,F
3258,F
3259,F
3260,M
3261,F
3262,U
3263,U
3264,U
3265,F
3266,F
3267,F
3268,F
3269,F
3270,F
3271,U
3272,U
3273,M
3274,M
3275,F
3276,F
3277,F
3278,F
3279,F
3280,U
3281,F
3282,U
3283,M
3284,M
3285,F
3286,F
3287,F
3288,F
3289,F
3290,M
3291,F
3292,M
3293,F
3294,F
3295,F
3296,F
3297,F
3298,M
3299,M
3300,M
3301,F
3302,F
3303,F
3304,F
3305,M
3306,F
3307,M
3308,F
3309,F
3310,M
3311,M
3312,M
3313,F
3314,F
3315,F
3316,F
3317,M
3318,M
3319,M
3320,M
3321,F
3322,F
3323,F
3324,F
3325,M
3326,F
3327,M
3328,M
3329,F
3330,F
3331,U
3332,M
3333,F
3334,F
3335,U
3336,F
3337,U
3338,F
3339,M
3340,F
3341,F
3342,F
3343,F
3344,F
3345,F
3346,F
3347,F
3348,F
3349,M
3350,F
3351,F
3352,F
3353,F
3354,F
3355,F
3356,F
3357,M
3358,F
3359,F
3360,F
3361,U
3362,F
3363,F
3364,F
3365,F
3366,F
3367,F
3368,F
3369,F
3370,F
3371,F
3372,F
3373,F
3374,M
3375,F
3376,F
3377,U
3378,M
3379,U
3380,F
3381,M
3382,M
3383,M
3384,F
3385,F
3386,F
3387,F
3388,U
3389,M
3390,M
3391,F
3392,F
3393,F
3394,M
3395,F
3396,M
3397,F
3398,F
3399,M
3400,F
3401,F
3402,F
3403,F
3404,F
3405,F
3406,F
3407,F
3408,M
3409,F
3410,F
3411,M
3412,F
3413,M
3414,F
3415,F
3416,F
3417,M
3418,F
3419,F
3420,U
3421,F
3422,F
3423,M
3424,U
3425,F
3426,M
3427,F
3428,M
3429,U
3430,F
3431,F
3432,F
3433,M
3434,F
3435,F
3436,U
3437,M
3438,F
3439,F
3440,F
3441,F
3442,F
3443,M
3444,M
3445,F
3446,F
3447,F
3448,F
3449,M
3450,F
3451,F
3452,F
3453,U
3454,F
3455,F
3456,F
3457,F
3458,F
3459,F
3460,F
3461,M
3462,U
3463,F
3464,M
3465,F
3466,M
3467,F
3468,M
3469,F
3470,F
3471,M
3472,M
3473,U
3474,F
3475,F
3476,F
3477,U
3478,F
3479,F
3480,F
3481,M
3482,F
3483,F
3484,F
3485,F
3486,M
3487,F
3488,F
3489,F
3490,F
3491,M
3492,F
3493,F
3494,F
3495,F
3496,F
3497,F
3498,M
3499,F
3500,F
3501,F
3502,F
3503,F
3504,M
3505,M
3506,F
3507,M
3508,M
3509,F
3510,U
3511,F
3512,U
3513,F
3514,F
3515,M
3516,M
3517,F
3518,M
3519,M
3520,U
3521,F
3522,F
3523,M
3524,F
3525,M
3526,F
3527,M
3528,F
3529,F
3530,F
3531,M
3532,M
3533,F
3534,F
3535,F
3536,M
3537,M
3538,F
3539,U
3540,F
3541,M
3542,F
3543,F
3544,M
3545,M
3546,F
3547,F
3548,F
3549,F
3550,F
3551,M
3552,M
3553,U
3554,M
3555,F
3556,F
3557,F
3558,F
3559,F
3560,F
3561,F
3562,M
3563,F
3564,F
3565,F
3566,F
3567,F
3568,F
3569,M
3570,F
3571,M
3572,M
3573,F
3574,F
3575,F
3576,F
3577,M
3578,M
3579,F
3580,F
3581,F
3582,F
3583,F
3584,F
3585,F
3586,M
3587,F
3588,F
3589,M
3590,F
3591,F
3592,F
3593,M
3594,M
3595,F
3596,F
3597,F
3598,F
3599,F
3600,F
3601,F
3602,M
3603,F
3604,M
3605,M
3606,F
3607,F
3608,F
3609,M
3610,F
3611,F
3612,F
3613,M
3614,F
3615,F
3616,F
3617,F
3618,U
3619,M
3620,F
3621,F
3622,F
3623,M
3624,F
3625,M
3626,M
3627,M
3628,F
3629,M
3630,M
3631,F
3632,F
3633,F
3634,M
3635,F
3636,U
3637,F
3638,F
3639,F
3640,F
3641,F
3642,U
3643,F
3644,M
3645,F
3646,F
3647,F
3648,F
3649,F
3650,M
3651,M
3652,F
3653,M
3654,U
3655,F
3656,F
3657,F
3658,F
3659,U
3660,M
3661,F
3662,U
3663,M
3664,M
3665,F
3666,F
3667,F
3668,M
3669,M
3670,F
3671,F
3672,F
3673,M
3674,F
3675,F
3676,F
3677,F
3678,M
3679,M
3680,F
3681,F
3682,F
3683,F
3684,M
3685,F
3686,F
3687,F
3688,F
3689,F
3690,U
3691,F
3692,F
3693,U
3694,F
3695,F
3696,F
3697,F
3698,F
3699,M
3700,F
3701,F
3702,F
3703,M
3704,F
3705,M
3706,M
3707,M
3708,F
3709,F
3710,M
3711,F
3712,F
3713,F
3714,M
3715,F
3716,F
3717,F
3718,M
3719,F
3720,F
3721,F
3722,F
3723,F
3724,F
3725,F
3726,F
3727,F
3728,M
3729,M
3730,F
3731,M
3732,F
3733,M
3734,M
3735,F
3736,U
3737,M
3738,U
3739,F
3740,F
3741,M
3742,F
3743,F
3744,F
3745,F
3746,F
3747,F
3748,F
3749,F
3750,U
3751,F
3752,M
3753,F
3754,F
3755,F
3756,F
3757,F
3758,F
3759,F
3760,F
3761,F
3762,F
3763,F
3764,U
3765,F
3766,U
3767,F
3768,F
3769,F
3770,M
3771,M
3772,F
3773,F
3774,M
3775,F
3776,F
3777,F
3778,F
3779,F
3780,F
3781,U
3782,F
3783,M
3784,F
3785,F
3786,M
3787,F
3788,M
3789,F
3790,M
3791,M
3792,F
3793,F
3794,M
3795,F
3796,F
3797,F
3798,U
3799,F
3800,M
3801,U
3802,F
3803,F
3804,U
3805,F
3806,M
3807,M
3808,M
3809,F
3810,F
3811,F
3812,U
3813,F
3814,F
3815,F
3816,F
3817,M
3818,F
3819,M
3820,M
3821,F
3822,F
3823,F
3824,M
3825,F
3826,F
3827,F
3828,F
3829,U
3830,M
3831,M
3832,M
3833,M
3834,F
3835,F
3836,F
3837,F
3838,M
3839,M
3840,U
3841,U
3842,F
3843,F
3844,M
3845,F
3846,F
3847,M
3848,F
3849,F
3850,M
3851,F
3852,M
3853,M
3854,F
3855,F
3856,F
3857,F
3858,M
3859,M
3860,F
3861,F
3862,M
3863,F
3864,F
3865,F
3866,F
3867,F
3868,F
3869,F
3870,F
3871,F
3872,F
3873,F
3874,M
3875,M
3876,F
3877,M
3878,F
3879,F
3880,M
3881,F
3882,F
3883,F
3884,F
3885,F
3886,F
3887,M
3888,F
3889,M
3890,M
3891,F
3892,F
3893,F
3894,M
3895,U
3896,F
3897,F
3898,F
3899,F
3900,F
3901,U
3902,U
3903,F
3904,U
3905,M
3906,F
3907,F
3908,F
3909,F
3910,F
3911,F
3912,M
3913,F
3914,M
3915,M
3916,F
3917,F
3918,U
3919,F
3920,F
3921,F
3922,M
3923,F
3924,F
3925,F
3926,U
3927,F
3928,F
3929,F
3930,F
3931,F
3932,F
3933,M
3934,F
3935,F
3936,F
3937,F
3938,F
3939,F
3940,F
3941,F
3942,U
3943,F
3944,F
3945,F
3946,M
3947,F
3948,F
3949,M
3950,M
3951,F
3952,F
3953,F
3954,F
3955,F
3956,F
3957,M
3958,F
3959,M
3960,F
3961,F
3962,F
3963,M
3964,F
3965,F
3966,M
3967,U
3968,F
3969,M
3970,F
3971,F
3972,F
3973,M
3974,M
3975,M
3976,U
3977,F
3978,U
3979,F
3980,F
3981,F
3982,M
3983,F
3984,F
3985,F
3986,F
3987,F
3988,F
3989,F
3990,U
3991,F
3992,M
3993,F
3994,F
3995,F
3996,F
3997,M
3998,U
3999,M
4000,F
4001,F
4002,M
4003,F
4004,F
4005,M
4006,F
4007,F
4008,F
4009,F
4010,F
4011,F
4012,U
4013,M
4014,F
4015,F
4016,F
4017,F
4018,M
4019,M
4020,F
4021,F
4022,F
4023,U
4024,F
4025,F
4026,U
4027,F
4028,F
4029,U
4030,F
4031,F
4032,F
4033,F
4034,M
4035,F
4036,M
4037,F
4038,U
4039,F
4040,F
4041,M
4042,U
4043,M
4044,M
4045,M
4046,F
4047,F
4048,F
4049,M
4050,F
4051,F
4052,M
4053,F
4054,F
4055,F
4056,F
4057,F
4058,F
4059,F
4060,F
4061,F
4062,F
4063,F
4064,F
4065,F
4066,F
4067,F
4068,F
4069,M
4070,M
4071,F
4072,F
4073,F
4074,M
4075,F
4076,M
4077,F
4078,F
4079,F
4080,F
4081,F
4082,F
4083,M
4084,M
4085,F
4086,F
4087,F
4088,F
4089,F
4090,F
4091,M
4092,U
4093,F
4094,F
4095,F
4096,F
4097,M
4098,F
4099,F
4100,U
4101,M
4102,F
4103,F
4104,F
4105,F
4106,F
4107,U
4108,F
4109,F
4110,U
4111,F
4112,F
4113,F
4114,F
4115,F
4116,F
4117,U
4118,U
4119,M
4120,F
4121,F
4122,F
4123,F
4124,F
4125,M
4126,F
4127,F
4128,F
4129,M
4130,F
4131,F
4132,F
4133,U
4134,F
4135,M
4136,M
4137,F
4138,F
4139,M
4140,U
4141,M
4142,F
4143,F
4144,M
4145,F
4146,F
4147,F
4148,M
4149,F
4150,F
4151,F
4152,F
4153,F
4154,F
4155,F
4156,F
4157,F
4158,F
4159,F
4160,M
4161,M
4162,F
4163,F
4164,F
4165,F
4166,F
4167,M
4168,M
4169,F
4170,M
4171,F
4172,F
4173,F
4174,F
4175,F
4176,F
4177,U
4178,M
4179,F
4180,U
4181,F
4182,F
4183,F
4184,F
4185,M
4186,F
4187,F
4188,F
4189,F
4190,F
4191,F
4192,F
4193,U
4194,M
4195,U
4196,M
4197,F
4198,F
4199,F
4200,F
4201,F
4202,F
4203,F
4204,F
4205,F
4206,M
4207,F
4208,F
4209,F
4210,U
4211,F
4212,F
4213,M
4214,F
4215,F
4216,F
4217,F
4218,F
4219,F
4220,F
4221,F
4222,F
4223,M
4224,M
4225,F
4226,F
4227,F
4228,M
4229,F
4230,F
4231,F
4232,F
4233,U
4234,M
4235,M
4236,M
4237,F
4238,F
4239,F
4240,F
4241,M
4242,F
4243,M
4244,F
4245,F
4246,U
4247,F
4248,U
4249,F
4250,F
4251,F
4252,F
4253,F
4254,M
4255,F
4256,F
4257,F
4258,F
4259,F
4260,F
4261,F
4262,U
4263,F
4264,F
4265,F
4266,F
4267,F
4268,M
4269,F
4270,F
4271,F
4272,F
4273,M
4274,M
4275,M
4276,M
4277,U
4278,F
4279,F
4280,F
4281,F
4282,M
4283,F
4284,F
4285,F
4286,U
4287,F
4288,U
4289,M
4290,F
4291,F
4292,F
4293,F
4294,F
4295,F
4296,F
4297,F
4298,F
4299,U
4300,M
4301,F
4302,M
4303,M
4304,F
4305,F
4306,F
4307,M
4308,U
4309,M
4310,F
4311,F
4312,F
4313,F
4314,F
4315,F
4316,F
4317,F
4318,M
4319,F
4320,F
4321,U
4322,F
4323,F
4324,M
4325,F
4326,F
4327,F
4328,F
4329,F
4330,F
4331,M
4332,F
4333,F
4334,M
4335,M
4336,F
4337,F
4338,F
4339,M
4340,F
4341,F
4342,F
4343,F
4344,F
4345,M
4346,F
4347,F
4348,M
4349,U
4350,F
4351,F
4352,F
4353,F
4354,U
4355,M
4356,U
4357,M
4358,M
4359,U
4360,M
4361,M
4362,F
4363,F
4364,M
4365,F
4366,M
4367,F
4368,F
4369,M
4370,M
4371,F
4372,F
4373,M
4374,F
4375,F
4376,M
4377,M
4378,M
4379,F
4380,M
4381,F
4382,F
4383,F
4384,F
4385,F
4386,F
4387,M
4388,F
4389,U
4390,U
4391,F
4392,U
4393,F
4394,F
4395,M
4396,F
4397,F
4398,U
4399,F
4400,U
4401,F
4402,U
4403,F
4404,F
4405,F
4406,F
4407,F
4408,M
4409,F
4410,F
4411,U
4412,F
4413,F
4414,U
4415,M
4416,F
4417,F
4418,F
4419,F
4420,F
4421,F
4422,F
4423,F
4424,M
4425,M
4426,F
4427,F
4428,F
4429,F
4430,F
4431,M
4432,F
4433,F
4434,U
4435,F
4436,F
4437,M
4438,F
4439,F
4440,M
4441,M
4442,U
4443,U
4444,F
4445,F
4446,M
4447,F
4448,F
4449,F
4450,M
4451,F
4452,M
4453,M
4454,F
4455,F
4456,F
4457,F
4458,F
4459,F
4460,M
4461,F
4462,F
4463,F
4464,F
4465,M
4466,F
4467,F
4468,F
4469,F
4470,F
4471,M
4472,F
4473,F
4474,M
4475,M
4476,F
4477,F
4478,F
4479,F
4480,F
4481,F
4482,F
4483,F
4484,F
4485,F
4486,F
4487,F
4488,F
4489,F
4490,F
4491,M
4492,F
4493,F
4494,F
4495,M
4496,F
4497,F
4498,M
4499,M
4500,F
4501,F
4502,F
4503,F
4504,U
4505,F
4506,F
4507,F
4508,M
4509,F
4510,F
4511,F
4512,U
4513,M
4514,M
4515,F
4516,M
4517,F
4518,F
4519,M
4520,M
4521,F
4522,F
4523,F
4524,F
4525,M
4526,F
4527,F
4528,F
4529,M
4530,F
4531,F
4532,U
4533,F
4534,M
4535,F
4536,F
4537,F
4538,F
4539,F
4540,U
4541,F
4542,F
4543,F
4544,U
4545,M
4546,F
4547,F
4548,F
4549,F
4550,U
4551,F
4552,U
4553,F
4554,F
4555,F
4556,F
4557,M
4558,F
4559,F
4560,F
4561,F
4562,F
4563,F
4564,F
4565,F
4566,F
4567,F
4568,F
4569,F
4570,F
4571,M
4572,F
4573,F
4574,F
4575,F
4576,F
4577,U
4578,F
4579,F
4580,F
4581,F
4582,U
4583,F
4584,F
4585,F
4586,F
4587,F
4588,M
4589,F
4590,F
4591,F
4592,M
4593,F
4594,U
4595,M
4596,F
4597,F
4598,U
4599,F
4600,U
4601,F
4602,M
4603,F
4604,M
4605,F
4606,F
4607,F
4608,F
4609,F
4610,M
4611,F
4612,M
4613,F
4614,F
4615,F
4616,M
4617,F
4618,F
4619,F
4620,F
4621,M
4622,F
4623,F
4624,F
4625,F
4626,F
4627,F
4628,F
4629,F
4630,F
4631,M
4632,F
4633,M
4634,F
4635,M
4636,F
4637,F
4638,F
4639,M
4640,M
4641,U
4642,M
4643,U
4644,U
4645,F
4646,F
4647,F
4648,F
4649,M
4650,F
4651,F
4652,F
4653,F
4654,M
4655,F
4656,F
4657,F
4658,F
4659,F
4660,F
4661,F
4662,M
4663,F
4664,F
4665,F
4666,M
4667,F
4668,U
4669,M
4670,F
4671,M
4672,M
4673,F
4674,F
4675,F
4676,F
4677,F
4678,F
4679,U
4680,F
4681,F
4682,M
4683,F
4684,F
4685,F
4686,M
4687,F
4688,F
4689,F
4690,F
4691,F
4692,F
4693,F
4694,F
4695,F
4696,M
4697,F
4698,F
4699,M
4700,F
4701,F
4702,F
4703,F
4704,M
4705,F
4706,F
4707,M
4708,M
4709,F
4710,F
4711,M
4712,F
4713,F
4714,U
4715,F
4716,F
4717,F
4718,U
4719,F
4720,F
4721,M
4722,F
4723,M
4724,F
4725,F
4726,M
4727,F
4728,F
4729,U
4730,F
4731,F
4732,F
4733,M
4734,U
4735,M
4736,F
4737,M
4738,F
4739,F
4740,U
4741,F
4742,M
4743,U
4744,F
4745,F
4746,F
4747,F
4748,F
4749,M
4750,M
4751,F
4752,F
4753,U
4754,F
4755,F
4756,M
4757,F
4758,F
4759,F
4760,F
4761,F
4762,M
4763,F
4764,F
4765,F
4766,F
4767,U
4768,F
4769,U
4770,F
4771,F
4772,F
4773,F
4774,F
4775,F
4776,U
4777,F
4778,F
4779,M
4780,F
4781,F
4782,M
4783,M
4784,F
4785,F
4786,F
4787,M
4788,U
4789,F
4790,F
4791,F
4792,M
4793,F
4794,F
4795,F
4796,F
4797,F
4798,F
4799,F
4800,F
4801,F
4802,F
4803,F
4804,F
4805,U
4806,F
4807,M
4808,F
4809,F
4810,M
4811,M
4812,F
4813,U
4814,M
4815,F
4816,M
4817,U
4818,F
4819,F
4820,F
4821,F
4822,F
4823,F
4824,F
4825,F
4826,F
4827,F
4828,M
4829,F
4830,U
4831,M
4832,U
4833,F
4834,F
4835,M
4836,U
4837,M
4838,F
4839,F
4840,F
4841,F
4842,F
4843,M
4844,F
4845,M
4846,F
4847,F
4848,F
4849,M
4850,M
4851,F
4852,F
4853,M
4854,F
4855,M
4856,F
4857,F
4858,F
4859,F
4860,M
4861,F
4862,F
4863,M
4864,M
4865,F
4866,M
4867,F
4868,F
4869,U
4870,U
4871,M
4872,F
4873,M
4874,F
4875,M
4876,M
4877,U
4878,F
4879,F
4880,M
4881,F
4882,M
4883,F
4884,F
4885,F
4886,F
4887,F
4888,M
4889,M
4890,F
4891,M
4892,F
4893,F
4894,U
4895,F
4896,M
4897,M
4898,U
4899,F
4900,F
4901,F
4902,F
4903,U
4904,F
4905,F
4906,F
4907,F
4908,U
4909,M
4910,M
4911,F
4912,M
4913,U
4914,F
4915,M
4916,M
4917,U
4918,F
4919,F
4920,F
4921,F
4922,U
4923,U
4924,F
4925,F
4926,M
4927,F
4928,F
4929,F
4930,F
4931,M
4932,F
4933,M
4934,U
4935,F
4936,F
4937,F
4938,F
4939,M
4940,F
4941,F
4942,F
4943,M
4944,F
4945,F
4946,U
4947,F
4948,F
4949,F
4950,F
4951,F
4952,F
4953,F
4954,F
4955,F
4956,F
4957,F
4958,F
4959,F
4960,F
4961,U
4962,F
4963,M
4964,F
4965,M
4966,M
4967,M
4968,F
4969,F
4970,F
4971,F
4972,F
4973,F
4974,F
4975,M
4976,M
4977,M
4978,F
4979,F
4980,F
4981,F
4982,F
4983,F
4984,F
4985,U
4986,F
4987,F
4988,F
4989,F
4990,U
4991,F
4992,F
4993,F
4994,F
4995,U
4996,U
4997,F
4998,F
4999,M
5000,F
5001,F
5002,M
5003,F
5004,F
5005,F
5006,U
5007,F
5008,M
5009,F
5010,F
5011,F
5012,M
5013,F
5014,F
5015,M
5016,U
5017,U
5018,F
5019,F
5020,M
5021,M
5022,U
5023,F
5024,M
5025,U
5026,F
5027,M
5028,F
5029,F
5030,F
5031,F
5032,U
5033,F
5034,F
5035,F
5036,F
5037,F
5038,M
5039,F
5040,F
5041,M
5042,F
5043,F
5044,F
5045,F
5046,F
5047,F
5048,F
5049,F
5050,F
5051,F
5052,F
5053,F
5054,F
5055,U
5056,F
5057,F
5058,M
5059,F
5060,M
5061,M
5062,M
5063,F
5064,F
5065,M
5066,F
5067,F
5068,F
5069,F
5070,F
5071,F
5072,F
5073,M
5074,M
5075,U
5076,F
5077,F
5078,M
5079,F
5080,F
5081,U
5082,F
5083,M
5084,F
5085,F
5086,F
5087,F
5088,F
5089,M
5090,M
5091,F
5092,F
5093,F
5094,F
5095,F
5096,F
5097,F
5098,M
5099,F
5100,M
5101,F
5102,F
5103,M
5104,F
5105,M
5106,F
5107,F
5108,F
5109,F
5110,F
5111,F
5112,F
5113,M
5114,M
5115,F
5116,U
5117,F
5118,F
5119,F
5120,U
5121,U
5122,M
5123,F
5124,M
5125,F
5126,M
5127,F
5128,U
5129,M
5130,M
5131,F
5132,F
5133,F
5134,F
5135,F
5136,F
5137,F
5138,F
5139,F
5140,U
5141,F
5142,F
5143,F
5144,U
5145,M
5146,F
5147,F
5148,M
5149,F
5150,F
5151,F
5152,F
5153,M
5154,F
5155,M
5156,F
5157,F
5158,F
5159,F
5160,U
5161,F
5162,F
5163,U
5164,F
5165,M
5166,F
5167,F
5168,F
5169,F
5170,F
5171,M
5172,F
5173,U
5174,F
5175,M
5176,M
5177,F
5178,F
5179,F
5180,F
5181,U
5182,M
5183,F
5184,M
5185,M
5186,F
5187,F
5188,M
5189,F
5190,F
5191,F
5192,F
5193,M
5194,F
5195,F
5196,F
5197,F
5198,F
5199,F
5200,F
5201,F
5202,U
5203,F
5204,F
5205,F
5206,F
5207,U
5208,F
5209,F
5210,U
5211,F
5212,F
5213,F
5214,F
5215,F
5216,F
5217,F
5218,M
5219,F
5220,F
5221,F
5222,M
5223,F
5224,F
5225,F
5226,F
5227,F
5228,F
5229,F
5230,M
5231,F
5232,F
5233,F
5234,M
5235,F
5236,F
5237,M
5238,F
5239,M
5240,F
5241,U
5242,F
5243,F
5244,M
5245,F
5246,F
5247,U
5248,M
5249,F
5250,F
5251,F
5252,F
5253,F
5254,F
5255,F
5256,F
5257,F
5258,F
5259,U
5260,F
5261,F
5262,M
5263,F
5264,F
5265,U
5266,F
5267,F
5268,F
5269,F
5270,F
5271,F
5272,F
5273,F
5274,F
5275,F
5276,M
5277,F
5278,F
5279,U
5280,F
5281,F
5282,F
5283,M
5284,F
5285,F
5286,M
5287,F
5288,F
5289,F
5290,F
5291,M
5292,F
5293,U
5294,M
5295,F
5296,U
5297,U
5298,M
5299,F
5300,F
5301,U
5302,F
5303,U
5304,F
5305,F
5306,M
5307,F
5308,F
5309,F
5310,F
5311,F
5312,F
5313,F
5314,F
5315,F
5316,U
5317,F
5318,M
5319,F
5320,F
5321,U
5322,F
5323,F
5324,F
5325,M
5326,F
5327,M
5328,F
5329,M
5330,M
5331,F
5332,F
5333,F
5334,F
5335,F
5336,F
5337,F
5338,F
5339,F
5340,F
5341,F
5342,F
5343,F
5344,F
5345,M
5346,F
5347,F
5348,F
5349,F
5350,F
5351,F
5352,F
5353,F
5354,M
5355,F
5356,F
5357,F
5358,F
5359,F
5360,M
5361,F
5362,F
5363,M
5364,F
5365,F
5366,F
5367,F
5368,M
5369,F
5370,F
5371,F
5372,F
5373,F
5374,F
5375,F
5376,F
5377,M
5378,M
5379,F
5380,F
5381,F
5382,U
5383,F
5384,M
5385,M
5386,F
5387,F
5388,F
5389,F
5390,F
5391,M
5392,M
5393,M
5394,F
5395,M
5396,M
5397,F
5398,U
5399,F
5400,F
5401,M
5402,F
5403,F
5404,M
5405,F
5406,M
5407,F
5408,F
5409,U
5410,F
5411,F
5412,F
5413,F
5414,M
5415,F
5416,F
5417,M
5418,F
5419,F
5420,M
5421,F
5422,U
5423,F
5424,M
5425,M
5426,F
5427,M
5428,F
5429,F
5430,U
5431,M
5432,M
5433,F
5434,F
5435,F
5436,M
5437,F
5438,F
5439,U
5440,F
5441,M
5442,F
5443,F
5444,M
5445,F
5446,F
5447,F
5448,M
5449,F
5450,M
5451,F
5452,F
5453,F
5454,M
5455,F
5456,M
5457,F
5458,M
5459,M
5460,F
5461,F
5462,F
5463,F
5464,F
5465,F
5466,U
5467,M
5468,F
5469,F
5470,F
5471,F
5472,F
5473,U
5474,M
5475,F
5476,F
5477,F
5478,F
5479,F
5480,U
5481,M
5482,U
5483,U
5484,F
5485,F
5486,F
5487,F
5488,M
5489,M
5490,F
5491,M
5492,F
5493,M
5494,F
5495,F
5496,F
5497,F
5498,M
5499,M
5500,F
5501,F
5502,F
5503,F
5504,F
5505,M
5506,F
5507,F
5508,F
5509,F
5510,U
5511,M
5512,M
5513,F
5514,F
5515,F
5516,M
5517,M
5518,M
5519,M
5520,F
5521,M
5522,F
5523,M
5524,F
5525,F
5526,F
5527,M
5528,F
5529,U
5530,F
5531,F
5532,U
5533,F
5534,F
5535,F
5536,F
5537,F
5538,M
5539,F
5540,F
5541,M
5542,F
5543,F
5544,M
5545,F
5546,F
5547,M
5548,F
5549,F
5550,F
5551,M
5552,F
5553,F
5554,F
5555,U
5556,F
5557,F
5558,F
5559,M
5560,F
5561,U
5562,F
5563,M
5564,F
5565,F
5566,F
5567,F
5568,F
5569,F
5570,F
5571,M
5572,F
5573,F
5574,M
5575,F
5576,F
5577,F
5578,F
5579,U
5580,M
5581,F
5582,M
5583,F
5584,M
5585,M
5586,F
5587,F
5588,U
5589,F
5590,F
5591,F
5592,U
5593,F
5594,F
5595,F
5596,F
5597,F
5598,U
5599,F
5600,F
5601,F
5602,F
5603,F
5604,F
5605,F
5606,F
5607,U
5608,M
5609,F
5610,U
5611,M
5612,F
5613,F
5614,M
5615,F
5616,F
5617,U
5618,F
5619,U
5620,F
5621,M
5622,F
5623,F
5624,F
5625,F
5626,F
5627,F
5628,F
5629,F
5630,F
5631,M
5632,F
5633,F
5634,F
5635,F
5636,M
5637,F
5638,U
5639,M
5640,M
5641,U
5642,F
5643,U
5644,F
5645,F
5646,F
5647,F
5648,F
5649,M
5650,F
5651,F
5652,F
5653,M
5654,F
5655,M
5656,F
5657,M
5658,M
5659,M
5660,F
5661,F
5662,F
5663,F
5664,F
5665,F
5666,F
5667,F
5668,F
5669,M
5670,F
5671,M
5672,F
5673,F
5674,F
5675,F
5676,F
5677,M
5678,F
5679,F
5680,F
5681,F
5682,F
5683,M
5684,U
5685,F
5686,M
5687,M
5688,M
5689,F
5690,M
5691,U
5692,F
5693,M
5694,M
5695,F
5696,F
5697,F
5698,M
5699,U
5700,F
5701,M
5702,F
5703,F
5704,F
5705,M
5706,M
5707,M
5708,M
5709,M
5710,F
5711,F
5712,F
5713,F
5714,U
5715,F
5716,F
5717,M
5718,F
5719,F
5720,F
5721,F
5722,F
5723,F
5724,F
5725,U
5726,U
5727,F
5728,F
5729,F
5730,F
5731,F
5732,F
5733,U
5734,F
5735,M
5736,M
5737,F
5738,F
5739,F
5740,M
5741,F
5742,F
5743,U
5744,F
5745,F
5746,U
5747,F
5748,M
5749,F
5750,F
5751,F
5752,F
5753,U
5754,M
5755,M
5756,U
5757,F
5758,F
5759,F
5760,F
5761,F
5762,F
5763,F
5764,F
5765,F
5766,U
5767,M
5768,U
5769,M
5770,F
5771,F
5772,F
5773,F
5774,F
5775,F
5776,M
5777,U
5778,F
5779,F
5780,F
5781,F
5782,F
5783,F
5784,M
5785,F
5786,F
5787,M
5788,F
5789,M
5790,F
5791,F
5792,F
5793,F
5794,M
5795,M
5796,U
5797,M
5798,F
5799,U
5800,F
5801,M
5802,M
5803,U
5804,F
5805,M
5806,F
5807,F
5808,M
5809,M
5810,M
5811,F
5812,F
5813,M
5814,F
5815,U
5816,F
5817,F
5818,F
5819,F
5820,M
5821,F
5822,F
5823,M
5824,F
5825,F
5826,F
5827,F
5828,F
5829,M
5830,F
5831,F
5832,F
5833,F
5834,F
5835,M
5836,F
5837,F
5838,F
5839,F
5840,F
5841,F
5842,M
5843,F
5844,U
5845,M
5846,F
5847,F
5848,F
5849,F
5850,F
5851,F
5852,M
5853,F
5854,F
5855,M
5856,F
5857,F
5858,F
5859,F
5860,F
5861,F
5862,F
5863,F
5864,F
5865,M
5866,F
5867,F
5868,F
5869,F
5870,F
5871,M
5872,F
5873,M
5874,F
5875,U
5876,F
5877,F
5878,U
5879,F
5880,F
5881,F
5882,M
5883,F
5884,F
5885,U
5886,F
5887,M
5888,M
5889,F
5890,F
5891,F
5892,F
5893,U
5894,F
5895,F
5896,M
5897,F
5898,F
5899,M
5900,M
5901,F
5902,U
5903,F
5904,F
5905,U
5906,F
5907,M
5908,M
5909,U
5910,F
5911,U
5912,F
5913,U
5914,M
5915,F
5916,F
5917,F
5918,U
5919,M
5920,F
5921,F
5922,F
5923,F
5924,F
5925,F
5926,U
5927,M
5928,M
5929,F
5930,M
5931,F
5932,F
5933,U
5934,F
5935,F
5936,F
5937,F
5938,F
5939,F
5940,U
5941,F
5942,F
5943,M
5944,F
5945,U
5946,F
5947,U
5948,F
5949,F
5950,F
5951,F
5952,F
5953,M
5954,F
5955,F
5956,F
5957,F
5958,M
5959,F
5960,F
5961,F
5962,F
5963,F
5964,M
5965,F
5966,F
5967,M
5968,F
5969,F
5970,U
5971,F
5972,F
5973,F
5974,F
5975,M
5976,F
5977,F
5978,F
5979,F
5980,M
5981,F
5982,F
5983,F
5984,F
5985,F
5986,M
5987,U
5988,M
5989,F
5990,F
5991,F
5992,F
5993,F
5994,F
5995,U
5996,F
5997,F
5998,F
5999,F
6000,F
6001,F
6002,F
6003,F
6004,F
6005,M
6006,F
6007,F
6008,F
6009,F
6010,M
6011,F
6012,F
6013,F
6014,F
6015,F
6016,F
6017,U
6018,M
6019,F
6020,F
6021,F
6022,F
6023,U
6024,F
6025,U
6026,U
6027,F
6028,F
6029,M
6030,U
6031,F
6032,F
6033,M
6034,F
6035,F
6036,M
6037,M
6038,M
6039,M
6040,F
6041,M
6042,F
6043,F
6044,F
6045,F
6046,M
6047,F
6048,M
6049,F
6050,F
6051,F
6052,F
6053,F
6054,M
6055,M
6056,F
6057,F
6058,F
6059,M
6060,U
6061,M
6062,F
6063,F
6064,F
6065,F
6066,U
6067,F
6068,F
6069,F
6070,F
6071,F
6072,F
6073,F
6074,F
6075,F
6076,F
6077,F
6078,F
6079,M
6080,F
6081,F
6082,F
6083,F
6084,F
6085,F
6086,M
6087,F
6088,U
6089,F
6090,U
6091,M
6092,M
6093,F
6094,M
6095,M
6096,M
6097,F
6098,F
6099,F
6100,M
6101,F
6102,F
6103,F
6104,F
6105,M
6106,F
6107,F
6108,F
6109,F
6110,F
6111,F
6112,F
6113,F
6114,F
6115,F
6116,M
6117,F
6118,U
6119,F
6120,F
6121,F
6122,F
6123,F
6124,M
6125,F
6126,U
6127,F
6128,F
6129,U
6130,F
6131,F
6132,F
6133,M
6134,F
6135,F
6136,F
6137,M
6138,F
6139,F
6140,U
6141,F
6142,F
6143,M
6144,F
6145,F
6146,F
6147,F
6148,F
6149,F
6150,F
6151,M
6152,F
6153,F
6154,F
6155,U
6156,F
6157,F
6158,F
6159,M
6160,F
6161,F
6162,F
6163,F
6164,F
6165,F
6166,F
6167,F
6168,M
6169,F
6170,F
6171,F
6172,F
6173,F
6174,F
6175,F
6176,F
6177,M
6178,F
6179,F
6180,M
6181,F
6182,F
6183,F
6184,U
6185,M
6186,M
6187,F
6188,F
6189,F
6190,F
6191,M
6192,M
6193,F
6194,F
6195,M
6196,U
6197,U
6198,M
6199,U
6200,M
6201,M
6202,F
6203,F
6204,U
6205,F
6206,F
6207,F
6208,F
6209,M
6210,F
6211,F
6212,F
6213,F
6214,F
6215,F
6216,F
6217,F
6218,M
6219,F
6220,F
6221,F
6222,F
6223,F
6224,F
6225,F
6226,M
6227,F
6228,F
6229,F
6230,F
6231,F
6232,U
6233,F
6234,F
6235,U
6236,F
6237,M
6238,M
6239,F
6240,M
6241,F
6242,F
6243,F
6244,F
6245,F
6246,F
6247,U
6248,F
6249,F
6250,F
6251,F
6252,F
6253,U
6254,F
6255,F
6256,F
6257,F
6258,M
6259,U
6260,F
6261,F
6262,F
6263,F
6264,U
6265,M
6266,F
6267,M
6268,M
6269,U
6270,F
6271,F
6272,M
6273,F
6274,M
6275,F
6276,F
6277,F
6278,F
6279,F
6280,M
6281,F
6282,F
6283,F
6284,F
6285,F
6286,F
6287,M
6288,F
6289,F
6290,M
6291,F
6292,F
6293,F
6294,M
6295,F
6296,F
6297,F
6298,M
6299,F
6300,F
6301,F
6302,F
6303,F
6304,F
6305,F
6306,F
6307,F
6308,F
6309,M
6310,F
6311,F
6312,M
6313,F
6314,F
6315,F
6316,F
6317,M
6318,M
6319,F
6320,M
6321,M
6322,F
6323,U
6324,M
6325,F
6326,M
6327,F
6328,F
6329,F
6330,M
6331,U
6332,F
6333,F
6334,M
6335,F
6336,F
6337,U
6338,M
6339,F
6340,F
6341,F
6342,F
6343,M
6344,F
6345,F
6346,U
6347,F
6348,F
6349,F
6350,F
6351,F
6352,F
6353,M
6354,M
6355,F
6356,F
6357,F
6358,F
6359,F
6360,F
6361,F
6362,F
6363,F
6364,F
6365,U
6366,F
6367,F
6368,F
6369,F
6370,M
6371,U
6372,F
6373,F
6374,F
6375,F
6376,M
6377,F
6378,F
6379,U
6380,F
6381,F
6382,U
6383,M
6384,M
6385,U
6386,F
6387,M
6388,F
6389,F
6390,F
6391,F
6392,U
6393,F
6394,M
6395,M
6396,F
6397,M
6398,M
6399,F
6400,F
6401,M
6402,F
6403,M
6404,M
6405,M
6406,M
6407,F
6408,F
6409,F
6410,F
6411,F
6412,F
6413,U
6414,F
6415,M
6416,F
6417,M
6418,F
6419,F
6420,F
6421,F
6422,M
6423,F
6424,M
6425,M
6426,F
6427,F
6428,M
6429,F
6430,F
6431,F
6432,F
6433,F
6434,F
6435,F
6436,F
6437,F
6438,M
6439,U
6440,M
6441,F
6442,F
6443,F
6444,U
6445,F
6446,F
6447,F
6448,F
6449,F
6450,F
6451,F
6452,F
6453,F
6454,M
6455,F
6456,F
6457,F
6458,F
6459,U
6460,F
6461,M
6462,F
6463,F
6464,M
6465,F
6466,F
6467,F
6468,F
6469,F
6470,F
6471,F
6472,F
6473,F
6474,F
6475,M
6476,F
6477,F
6478,U
6479,F
6480,F
6481,M
6482,F
6483,F
6484,F
6485,F
6486,F
6487,M
6488,F
6489,F
6490,F
6491,F
6492,F
6493,F
6494,F
6495,F
6496,U
6497,F
6498,U
6499,F
6500,F
6501,F
6502,U
6503,F
6504,F
6505,F
6506,U
6507,F
6508,F
6509,F
6510,M
6511,M
6512,F
6513,F
6514,M
6515,F
6516,M
6517,U
6518,F
6519,M
6520,F
6521,F
6522,F
6523,M
6524,F
6525,F
6526,U
6527,F
6528,M
6529,F
6530,F
6531,U
6532,M
6533,F
6534,F
6535,F
6536,F
6537,F
6538,M
6539,F
6540,F
6541,M
6542,U
6543,U
6544,F
6545,F
6546,M
6547,F
6548,F
6549,M
6550,M
6551,F
6552,F
6553,F
6554,F
6555,F
6556,F
6557,F
6558,F
6559,M
6560,F
6561,M
6562,F
6563,U
6564,U
6565,F
6566,F
6567,F
6568,M
6569,M
6570,F
6571,F
6572,F
6573,M
6574,F
6575,F
6576,M
6577,U
6578,M
6579,F
6580,M
6581,U
6582,F
6583,F
6584,U
6585,F
6586,F
6587,M
6588,F
6589,M
6590,M
6591,F
6592,U
6593,U
6594,F
6595,F
6596,M
6597,F
6598,F
6599,M
6600,U
6601,F
6602,F
6603,F
6604,U
6605,F
6606,F
6607,F
6608,F
6609,F
6610,M
6611,F
6612,U
6613,F
6614,F
6615,F
6616,F
6617,M
6618,M
6619,F
6620,F
6621,F
6622,F
6623,F
6624,M
6625,F
6626,M
6627,F
6628,M
6629,F
6630,F
6631,F
6632,M
6633,F
6634,F
6635,F
6636,M
6637,F
6638,F
6639,M
6640,F
6641,M
6642,F
6643,M
6644,F
6645,F
6646,M
6647,M
6648,M
6649,F
6650,U
6651,U
6652,M
6653,F
6654,F
6655,F
6656,F
6657,M
6658,F
6659,M
6660,F
6661,F
6662,F
6663,F
6664,M
6665,F
6666,F
6667,F
6668,F
6669,F
6670,F
6671,F
6672,F
6673,M
6674,F
6675,U
6676,F
6677,M
6678,F
6679,M
6680,F
6681,M
6682,M
6683,F
6684,F
6685,F
6686,F
6687,M
6688,M
6689,M
6690,M
6691,F
6692,U
6693,F
6694,F
6695,F
6696,F
6697,F
6698,F
6699,F
6700,F
6701,M
6702,U
6703,F
6704,F
6705,F
6706,F
6707,F
6708,F
6709,U
6710,F
6711,M
6712,F
6713,F
6714,F
6715,M
6716,F
6717,M
6718,M
6719,F
6720,F
6721,F
6722,M
6723,F
6724,F
6725,F
6726,F
6727,F
6728,F
6729,U
6730,F
6731,U
6732,F
6733,F
6734,F
6735,F
6736,F
6737,F
6738,M
6739,F
6740,M
6741,M
6742,F
6743,F
6744,F
6745,F
6746,F
6747,F
6748,U
6749,F
6750,F
6751,F
6752,U
6753,F
6754,F
6755,F
6756,F
6757,F
6758,M
6759,U
6760,F
6761,F
6762,F
6763,M
6764,F
6765,U
6766,F
6767,F
6768,F
6769,M
6770,F
6771,M
6772,F
6773,M
6774,F
6775,U
6776,F
6777,U
6778,F
6779,U
6780,F
6781,F
6782,M
6783,F
6784,F
6785,F
6786,M
6787,F
6788,F
6789,F
6790,U
6791,F
6792,F
6793,M
6794,F
6795,M
6796,F
6797,F
6798,F
6799,F
6800,F
6801,F
6802,F
6803,F
6804,M
6805,F
6806,M
6807,F
6808,F
6809,F
6810,F
6811,F
6812,F
6813,F
6814,F
6815,M
6816,F
6817,F
6818,F
6819,M
6820,F
6821,F
6822,F
6823,F
6824,U
6825,F
6826,M
6827,F
6828,F
6829,F
6830,F
6831,F
6832,M
6833,F
6834,F
6835,M
6836,F
6837,F
6838,F
6839,F
6840,M
6841,M
6842,U
6843,F
6844,F
6845,F
6846,M
6847,M
6848,F
6849,F
6850,F
6851,M
6852,F
6853,F
6854,F
6855,F
6856,F
6857,F
6858,F
6859,M
6860,F
6861,F
6862,F
6863,F
6864,F
6865,F
6866,F
6867,M
6868,F
6869,U
6870,M
6871,F
6872,F
6873,F
6874,M
6875,F
6876,U
6877,F
6878,F
6879,M
6880,F
6881,F
6882,F
6883,F
6884,M
6885,F
6886,F
6887,F
6888,F
6889,F
6890,M
6891,F
6892,M
6893,F
6894,F
6895,M
6896,F
6897,F
6898,F
6899,F
6900,M
6901,F
6902,U
6903,F
6904,F
6905,M
6906,M
6907,U
6908,M
6909,M
6910,F
6911,M
6912,F
6913,M
6914,M
6915,U
6916,F
6917,U
6918,U
6919,F
6920,F
6921,F
6922,F
6923,M
6924,U
6925,F
6926,F
6927,U
6928,F
6929,F
6930,F
6931,F
6932,F
6933,M
6934,M
6935,F
6936,U
6937,M
6938,F
6939,F
6940,F
6941,F
6942,M
6943,F
6944,U
6945,M
6946,F
6947,F
6948,F
6949,F
6950,F
6951,F
6952,F
6953,M
6954,F
6955,F
6956,F
6957,F
6958,F
6959,F
6960,U
6961,F
6962,F
6963,F
6964,F
6965,M
6966,F
6967,M
6968,F
6969,F
6970,M
6971,F
6972,F
6973,F
6974,F
6975,F
6976,F
6977,F
6978,M
6979,U
6980,F
6981,F
6982,F
6983,F
6984,U
6985,F
6986,M
6987,F
6988,F
6989,F
6990,F
6991,F
6992,F
6993,F
6994,U
6995,M
6996,F
6997,F
6998,M
6999,F
7000,F
7001,F
7002,F
7003,M
7004,F
7005,F
7006,F
7007,F
7008,U
7009,F
7010,U
7011,F
7012,M
7013,M
7014,M
7015,F
7016,M
7017,F
7018,F
7019,F
7020,F
7021,M
7022,F
7023,F
7024,F
7025,U
7026,M
7027,M
7028,U
7029,F
7030,F
7031,F
7032,F
7033,F
7034,F
7035,M
7036,F
7037,U
7038,F
7039,U
7040,F
7041,F
7042,F
7043,F
7044,F
7045,F
7046,M
7047,F
7048,M
7049,M
7050,M
7051,F
7052,F
7053,F
7054,F
7055,M
7056,F
7057,U
7058,M
7059,F
7060,U
7061,U
7062,U
7063,M
7064,F
7065,F
7066,F
7067,F
7068,M
7069,F
7070,F
7071,F
7072,M
7073,F
7074,F
7075,M
7076,M
7077,F
7078,F
7079,F
7080,F
7081,M
7082,F
7083,F
7084,M
7085,F
7086,F
7087,M
7088,U
7089,F
7090,F
7091,M
7092,F
7093,U
7094,F
7095,F
7096,M
7097,U
7098,M
7099,F
7100,M
7101,F
7102,F
7103,F
7104,F
7105,M
7106,M
7107,F
7108,M
7109,M
7110,M
7111,M
7112,F
7113,F
7114,F
7115,F
7116,U
7117,F
7118,F
7119,M
7120,U
7121,F
7122,F
7123,F
7124,F
7125,M
7126,F
7127,F
7128,F
7129,F
7130,F
7131,M
7132,F
7133,F
7134,F
7135,F
7136,F
7137,F
7138,F
7139,F
7140,F
7141,F
7142,F
7143,F
7144,U
7145,F
7146,U
7147,F
7148,U
7149,F
7150,M
7151,M
7152,F
7153,F
7154,M
7155,F
7156,F
7157,F
7158,F
7159,U
7160,F
7161,M
7162,F
7163,F
7164,M
7165,F
7166,F
7167,M
7168,F
7169,F
7170,F
7171,F
7172,F
7173,F
7174,U
7175,M
7176,U
7177,F
7178,U
7179,F
7180,F
7181,F
7182,F
7183,F
7184,F
7185,U
7186,F
7187,F
7188,M
7189,F
7190,M
7191,F
7192,M
7193,M
7194,F
7195,F
7196,F
7197,F
7198,F
7199,U
7200,F
7201,F
7202,F
7203,F
7204,F
7205,U
7206,F
7207,F
7208,M
7209,F
7210,M
7211,F
7212,M
7213,M
7214,F
7215,F
7216,F
7217,F
7218,F
7219,U
7220,F
7221,F
7222,F
7223,M
7224,M
7225,F
7226,F
7227,F
7228,F
7229,F
7230,F
7231,F
7232,F
7233,F
7234,M
7235,F
7236,F
7237,M
7238,F
7239,M
7240,M
7241,F
7242,F
7243,F
7244,U
7245,F
7246,U
7247,F
7248,F
7249,F
7250,F
7251,F
7252,F
7253,U
7254,F
7255,F
7256,F
7257,F
7258,F
7259,U
7260,M
7261,F
7262,F
7263,F
7264,F
7265,U
7266,M
7267,M
7268,M
7269,F
7270,M
7271,F
7272,F
7273,F
7274,M
7275,U
7276,F
7277,U
7278,F
7279,F
7280,M
7281,M
7282,F
7283,F
7284,F
7285,U
7286,F
7287,F
7288,F
7289,F
7290,F
7291,F
7292,F
7293,F
7294,M
7295,F
7296,F
7297,F
7298,F
7299,F
7300,F
7301,F
7302,M
7303,F
7304,U
7305,M
7306,F
7307,F
7308,U
7309,F
7310,F
7311,F
7312,M
7313,M
7314,M
7315,M
7316,F
7317,F
7318,F
7319,M
7320,F
7321,M
7322,M
7323,M
7324,U
7325,M
7326,M
7327,U
7328,F
7329,F
7330,F
7331,F
7332,F
7333,F
7334,F
7335,F
7336,F
7337,M
7338,F
7339,U
7340,M
7341,F
7342,F
7343,M
7344,M
7345,M
7346,F
7347,F
7348,M
7349,M
7350,F
7351,F
7352,U
7353,F
7354,M
7355,F
7356,M
7357,F
7358,F
7359,F
7360,F
7361,U
7362,M
7363,U
7364,F
7365,F
7366,F
7367,M
7368,U
7369,U
7370,F
7371,F
7372,F
7373,F
7374,M
7375,M
7376,F
7377,F
7378,F
7379,F
7380,F
7381,F
7382,F
7383,M
7384,F
7385,F
7386,F
7387,U
7388,M
7389,F
7390,F
7391,F
7392,F
7393,U
7394,F
7395,F
7396,F
7397,F
7398,F
7399,M
7400,F
7401,F
7402,F
7403,U
7404,U
7405,U
7406,F
7407,F
7408,F
7409,F
7410,F
7411,F
7412,F
7413,M
7414,F
7415,M
7416,M
7417,F
7418,F
7419,F
7420,F
7421,F
7422,F
7423,F
7424,F
7425,F
7426,U
7427,F
7428,F
7429,F
7430,F
7431,M
7432,F
7433,F
7434,F
7435,U
7436,M
7437,F
7438,F
7439,F
7440,F
7441,F
7442,F
7443,F
7444,F
7445,F
7446,F
7447,F
7448,M
7449,F
7450,F
7451,F
7452,M
7453,U
7454,M
7455,F
7456,F
7457,F
7458,F
7459,F
7460,F
7461,F
7462,F
7463,M
7464,M
7465,F
7466,U
7467,F
7468,F
7469,F
7470,M
7471,M
7472,F
7473,M
7474,F
7475,F
7476,M
7477,F
7478,F
7479,F
7480,M
7481,F
7482,U
7483,F
7484,F
7485,F
7486,F
7487,F
7488,F
7489,F
7490,F
7491,F
7492,M
7493,F
7494,M
7495,F
7496,M
7497,U
7498,F
7499,F
7500,F
7501,U
7502,M
7503,U
7504,F
7505,F
7506,F
7507,F
7508,U
7509,F
7510,F
7511,F
7512,F
7513,F
7514,M
7515,F
7516,F
7517,F
7518,F
7519,F
7520,M
7521,F
7522,M
7523,F
7524,F
7525,F
7526,F
7527,U
7528,F
7529,M
7530,F
7531,F
7532,F
7533,F
7534,F
7535,M
7536,F
7537,U
7538,M
7539,F
7540,F
7541,F
7542,F
7543,U
7544,M
7545,M
7546,F
7547,F
7548,F
7549,F
7550,F
7551,M
7552,F
7553,M
7554,F
7555,F
7556,M
7557,M
7558,M
7559,F
7560,F
7561,F
7562,F
7563,M
7564,F
7565,M
7566,M
7567,F
7568,F
7569,F
7570,F
7571,M
7572,F
7573,M
7574,U
7575,F
7576,F
7577,F
7578,F
7579,F
7580,F
7581,F
7582,F
7583,F
7584,M
7585,F
7586,U
7587,M
7588,F
7589,F
7590,M
7591,F
7592,F
7593,U
7594,F
7595,F
7596,M
7597,M
7598,F
7599,F
7600,F
7601,U
7602,F
7603,M
7604,F
7605,M
7606,U
7607,F
7608,M
7609,F
7610,F
7611,F
7612,U
7613,F
7614,M
7615,M
7616,F
7617,M
7618,M
7619,F
7620,F
7621,F
7622,F
7623,F
7624,F
7625,F
7626,F
7627,M
7628,F
7629,F
7630,M
7631,F
7632,F
7633,M
7634,F
7635,F
7636,M
7637,F
7638,F
7639,M
7640,F
7641,F
7642,M
7643,F
7644,F
7645,U
7646,F
7647,F
7648,F
7649,F
7650,M
7651,F
7652,M
7653,M
7654,F
7655,M
7656,F
7657,F
7658,M
7659,F
7660,F
7661,U
7662,F
7663,F
7664,F
7665,F
7666,M
7667,F
7668,F
7669,F
7670,F
7671,U
7672,M
7673,F
7674,M
7675,M
7676,F
7677,F
7678,M
7679,F
7680,F
7681,F
7682,F
7683,M
7684,F
7685,F
7686,F
7687,F
7688,F
7689,U
7690,M
7691,M
7692,M
7693,U
7694,F
7695,M
7696,F
7697,F
7698,F
7699,M
7700,F
7701,F
7702,F
7703,F
7704,F
7705,M
7706,F
7707,M
7708,F
7709,U
7710,M
7711,M
7712,F
7713,F
7714,U
7715,F
7716,F
7717,F
7718,F
7719,F
7720,F
7721,F
7722,M
7723,U
7724,M
7725,F
7726,F
7727,U
7728,F
7729,F
7730,U
7731,M
7732,F
7733,F
7734,F
7735,M
7736,F
7737,U
7738,M
7739,F
7740,M
7741,F
7742,F
7743,F
7744,U
7745,F
7746,F
7747,F
7748,F
7749,F
7750,U
7751,F
7752,F
7753,F
7754,M
7755,M
7756,F
7757,F
7758,F
7759,F
7760,F
7761,M
7762,F
7763,F
7764,F
7765,M
7766,F
7767,F
7768,F
7769,U
7770,F
7771,M
7772,F
7773,F
7774,M
7775,F
7776,M
7777,M
7778,F
7779,F
7780,M
7781,M
7782,F
7783,F
7784,F
7785,F
7786,F
7787,M
7788,F
7789,F
7790,M
7791,U
7792,F
7793,F
7794,F
7795,F
7796,M
7797,M
7798,F
7799,F
7800,F
7801,F
7802,F
7803,F
7804,F
7805,M
7806,F
7807,F
7808,F
7809,F
7810,F
7811,F
7812,F
7813,M
7814,F
7815,F
7816,F
7817,M
7818,F
7819,F
7820,F
7821,F
7822,M
7823,F
7824,F
7825,M
7826,F
7827,F
7828,F
7829,F
7830,U
7831,M
7832,M
7833,U
7834,F
7835,M
7836,M
7837,M
7838,U
7839,F
7840,F
7841,F
7842,F
7843,F
7844,F
7845,F
7846,F
7847,M
7848,F
7849,F
7850,F
7851,F
7852,F
7853,M
7854,M
7855,U
7856,F
7857,F
7858,M
7859,F
7860,F
7861,M
7862,F
7863,U
7864,F
7865,U
7866,F
7867,F
7868,M
7869,F
7870,F
7871,M
7872,F
7873,F
7874,F
7875,F
7876,M
7877,M
7878,F
7879,F
7880,F
7881,F
7882,F
7883,F
7884,M
7885,F
7886,F
7887,U
7888,F
7889,U
7890,F
7891,F
7892,F
7893,F
7894,F
7895,F
7896,M
7897,F
7898,F
7899,F
7900,M
7901,F
7902,F
7903,M
7904,F
7905,F
7906,F
7907,F
7908,F
7909,F
7910,F
7911,U
7912,F
7913,M
7914,U
7915,F
7916,F
7917,M
7918,F
7919,F
7920,F
7921,F
7922,F
7923,U
7924,F
7925,F
7926,M
7927,F
7928,U
7929,U
7930,F
7931,F
7932,F
7933,F
7934,U
7935,M
7936,F
7937,F
7938,F
7939,F
7940,U
7941,M
7942,F
7943,F
7944,M
7945,F
7946,F
7947,F
7948,F
7949,F
7950,F
7951,M
7952,F
7953,M
7954,F
7955,M
7956,F
7957,F
7958,F
7959,F
7960,U
7961,F
7962,M
7963,F
7964,F
7965,M
7966,M
7967,F
7968,F
7969,F
7970,F
7971,F
7972,M
7973,F
7974,M
7975,U
7976,F
7977,F
7978,U
7979,M
7980,F
7981,U
7982,F
7983,U
7984,M
7985,F
7986,M
7987,M
7988,F
7989,M
7990,M
7991,F
7992,F
7993,F
7994,F
7995,F
7996,F
7997,F
7998,F
7999,F
8000,M
8001,F
8002,F
8003,F
8004,U
8005,U
8006,F
8007,F
8008,F
8009,F
8010,F
8011,F
8012,F
8013,M
8014,F
8015,F
8016,F
8017,F
8018,F
8019,F
8020,F
8021,F
8022,U
8023,F
8024,M
8025,F
8026,F
8027,F
8028,U
8029,F
8030,F
8031,F
8032,F
8033,U
8034,F
8035,F
8036,U
8037,F
8038,M
8039,F
8040,F
8041,F
8042,F
8043,F
8044,F
8045,F
8046,F
8047,F
8048,F
8049,F
8050,F
8051,F
8052,F
8053,F
8054,F
8055,M
8056,M
8057,F
8058,F
8059,F
8060,M
8061,F
8062,U
8063,F
8064,M
8065,M
8066,F
8067,U
8068,F
8069,F
8070,M
8071,F
8072,F
8073,F
8074,F
8075,M
8076,M
8077,F
8078,F
8079,F
8080,M
8081,F
8082,M
8083,F
8084,U
8085,F
8086,F
8087,M
8088,F
8089,M
8090,F
8091,F
8092,F
8093,F
8094,F
8095,F
8096,F
8097,F
8098,M
8099,F
8100,F
8101,F
8102,F
8103,F
8104,F
8105,M
8106,F
8107,F
8108,U
8109,F
8110,M
8111,M
8112,F
8113,F
8114,M
8115,F
8116,U
8117,F
8118,F
8119,F
8120,M
8121,F
8122,M
8123,F
8124,U
8125,F
8126,F
8127,F
8128,F
8129,F
8130,F
8131,M
8132,F
8133,F
8134,F
8135,F
8136,F
8137,F
8138,U
8139,F
8140,M
8141,F
8142,M
8143,F
8144,M
8145,M
8146,F
8147,M
8148,M
8149,F
8150,U
8151,M
8152,F
8153,F
8154,F
8155,F
8156,F
8157,F
8158,F
8159,F
8160,F
8161,U
8162,F
8163,M
8164,F
8165,F
8166,F
8167,F
8168,U
8169,M
8170,F
8171,F
8172,F
8173,F
8174,F
8175,F
8176,F
8177,F
8178,M
8179,M
8180,F
8181,F
8182,M
8183,F
8184,F
8185,F
8186,U
8187,M
8188,F
8189,F
8190,F
8191,F
8192,F
8193,M
8194,F
8195,F
8196,F
8197,F
8198,M
8199,F
8200,F
8201,F
8202,F
8203,F
8204,M
8205,F
8206,F
8207,F
8208,U
8209,F
8210,M
8211,F
8212,F
8213,M
8214,F
8215,M
8216,M
8217,M
8218,F
8219,M
8220,U
8221,F
8222,F
8223,F
8224,F
8225,F
8226,F
8227,F
8228,M
8229,F
8230,M
8231,F
8232,F
8233,U
8234,F
8235,F
8236,M
8237,F
8238,F
8239,F
8240,M
8241,F
8242,M
8243,M
8244,F
8245,F
8246,F
8247,M
8248,F
8249,M
8250,F
8251,F
8252,F
8253,M
8254,M
8255,U
8256,F
8257,U
8258,F
8259,M
8260,F
8261,F
8262,M
8263,F
8264,F
8265,U
8266,F
8267,M
8268,F
8269,F
8270,F
8271,F
8272,F
8273,F
8274,U
8275,F
8276,F
8277,F
8278,F
8279,M
8280,F
8281,M
8282,F
8283,F
8284,F
8285,F
8286,F
8287,F
8288,U
8289,F
8290,M
8291,F
8292,F
8293,F
8294,M
8295,M
8296,F
8297,F
8298,F
8299,F
8300,F
8301,F
8302,M
8303,F
8304,F
8305,F
8306,U
8307,M
8308,F
8309,M
8310,M
8311,M
8312,F
8313,F
8314,F
8315,F
8316,M
8317,M
8318,M
8319,F
8320,M
8321,F
8322,M
8323,F
8324,F
8325,M
8326,F
8327,F
8328,F
8329,F
8330,M
8331,M
8332,M
8333,F
8334,F
8335,F
8336,M
8337,M
8338,F
8339,M
8340,M
8341,F
8342,M
8343,F
8344,F
8345,U
8346,M
8347,F
8348,U
8349,F
8350,F
8351,F
8352,M
8353,F
8354,F
8355,F
8356,M
8357,M
8358,U
8359,F
8360,F
8361,M
8362,U
8363,F
8364,F
8365,M
8366,M
8367,F
8368,F
8369,F
8370,U
8371,F
8372,F
8373,U
8374,F
8375,M
8376,F
8377,F
8378,M
8379,U
8380,F
8381,F
8382,U
8383,F
8384,M
8385,F
8386,F
8387,U
8388,F
8389,M
8390,F
8391,F
8392,F
8393,F
8394,F
8395,F
8396,F
8397,F
8398,F
8399,F
8400,M
8401,M
8402,F
8403,F
8404,F
8405,M
8406,F
8407,M
8408,F
8409,F
8410,M
8411,M
8412,M
8413,F
8414,F
8415,F
8416,F
8417,F
8418,U
8419,F
8420,M
8421,F
8422,F
8423,F
8424,U
8425,F
8426,F
8427,M
8428,U
8429,F
8430,F
8431,F
8432,F
8433,U
8434,F
8435,F
8436,F
8437,M
8438,F
8439,F
8440,M
8441,F
8442,F
8443,F
8444,F
8445,F
8446,F
8447,F
8448,M
8449,F
8450,F
8451,F
8452,F
8453,F
8454,M
8455,M
8456,M
8457,F
8458,F
8459,F
8460,F
8461,F
8462,F
8463,F
8464,U
8465,F
8466,F
8467,M
8468,F
8469,F
8470,M
8471,F
8472,F
8473,F
8474,F
8475,M
8476,F
8477,M
8478,U
8479,M
8480,M
8481,M
8482,M
8483,U
8484,M
8485,F
8486,F
8487,F
8488,F
8489,F
8490,F
8491,F
8492,M
8493,F
8494,F
8495,F
8496,F
8497,F
8498,U
8499,F
8500,F
8501,F
8502,F
8503,M
8504,F
8505,F
8506,F
8507,U
8508,M
8509,F
8510,U
8511,U
8512,M
8513,F
8514,F
8515,F
8516,F
8517,M
8518,M
8519,F
8520,M
8521,F
8522,M
8523,F
8524,F
8525,F
8526,U
8527,F
8528,F
8529,F
8530,M
8531,F
8532,M
8533,U
8534,F
8535,F
8536,M
8537,F
8538,F
8539,U
8540,F
8541,F
8542,F
8543,F
8544,F
8545,F
8546,F
8547,F
8548,M
8549,F
8550,F
8551,F
8552,F
8553,F
8554,F
8555,M
8556,F
8557,F
8558,F
8559,F
8560,M
8561,M
8562,M
8563,F
8564,F
8565,F
8566,U
8567,F
8568,U
8569,F
8570,U
8571,M
8572,F
8573,F
8574,M
8575,F
8576,F
8577,F
8578,F
8579,F
8580,F
8581,U
8582,F
8583,F
8584,U
8585,F
8586,M
8587,F
8588,M
8589,M
8590,F
8591,F
8592,F
8593,U
8594,F
8595,M
8596,F
8597,F
8598,M
8599,F
8600,F
8601,F
8602,F
8603,F
8604,F
8605,F
8606,F
8607,M
8608,M
8609,F
8610,M
8611,F
8612,M
8613,M
8614,F
8615,F
8616,F
8617,M
8618,F
8619,F
8620,F
8621,F
8622,M
8623,U
8624,F
8625,F
8626,F
8627,F
8628,F
8629,F
8630,F
8631,F
8632,F
8633,F
8634,F
8635,M
8636,F
8637,M
8638,M
8639,F
8640,M
8641,F
8642,M
8643,U
8644,F
8645,F
8646,U
8647,M
8648,F
8649,U
8650,F
8651,F
8652,F
8653,F
8654,M
8655,F
8656,F
8657,F
8658,M
8659,F
8660,F
8661,F
8662,F
8663,F
8664,F
8665,F
8666,F
8667,M
8668,F
8669,F
8670,F
8671,F
8672,F
8673,F
8674,M
8675,M
8676,F
8677,F
8678,M
8679,F
8680,F
8681,F
8682,F
8683,F
8684,F
8685,F
8686,F
8687,F
8688,M
8689,U
8690,M
8691,F
8692,F
8693,F
8694,F
8695,U
8696,U
8697,F
8698,F
8699,F
8700,M
8701,M
8702,F
8703,F
8704,M
8705,F
8706,F
8707,F
8708,F
8709,F
8710,F
8711,M
8712,M
8713,F
8714,F
8715,M
8716,M
8717,F
8718,F
8719,F
8720,M
8721,F
8722,M
8723,F
8724,F
8725,F
8726,F
8727,F
8728,M
8729,F
8730,F
8731,F
8732,M
8733,F
8734,M
8735,M
8736,F
8737,F
8738,F
8739,F
8740,F
8741,M
8742,M
8743,F
8744,F
8745,F
8746,F
8747,F
8748,F
8749,M
8750,F
8751,F
8752,F
8753,U
8754,F
8755,F
8756,F
8757,F
8758,F
8759,F
8760,U
8761,F
8762,M
8763,F
8764,U
8765,F
8766,U
8767,F
8768,F
8769,U
8770,M
8771,F
8772,F
8773,F
8774,F
8775,F
8776,F
8777,M
8778,F
8779,F
8780,F
8781,M
8782,F
8783,F
8784,F
8785,F
8786,F
8787,F
8788,F
8789,M
8790,F
8791,F
8792,F
8793,F
8794,F
8795,F
8796,F
8797,F
8798,U
8799,F
8800,M
8801,F
8802,F
8803,M
8804,M
8805,M
8806,F
8807,F
8808,F
8809,F
8810,F
8811,M
8812,M
8813,F
8814,F
8815,M
8816,F
8817,F
8818,F
8819,M
8820,F
8821,U
8822,M
8823,F
8824,F
8825,F
8826,F
8827,F
8828,F
8829,F
8830,F
8831,F
8832,M
8833,F
8834,U
8835,F
8836,F
8837,M
8838,M
8839,M
8840,F
8841,F
8842,F
8843,F
8844,M
8845,U
8846,F
8847,F
8848,F
8849,F
8850,F
8851,F
8852,F
8853,F
8854,F
8855,F
8856,U
8857,F
8858,M
8859,M
8860,F
8861,M
8862,M
8863,F
8864,F
8865,F
8866,U
8867,F
8868,U
8869,F
8870,F
8871,M
8872,F
8873,F
8874,U
8875,F
8876,F
8877,F
8878,F
8879,F
8880,U
8881,F
8882,F
8883,F
8884,M
8885,F
8886,F
8887,M
8888,F
8889,F
8890,U
8891,F
8892,F
8893,F
8894,M
8895,U
8896,F
8897,F
8898,M
8899,U
8900,U
8901,U
8902,M
8903,F
8904,F
8905,F
8906,M
8907,F
8908,F
8909,F
8910,M
8911,F
8912,M
8913,M
8914,M
8915,F
8916,F
8917,M
8918,F
8919,F
8920,F
8921,F
8922,M
8923,F
8924,F
8925,F
8926,F
8927,F
8928,F
8929,M
8930,F
8931,F
8932,F
8933,F
8934,M
8935,F
8936,M
8937,F
8938,F
8939,F
8940,M
8941,U
8942,F
8943,M
8944,M
8945,F
8946,F
8947,F
8948,F
8949,F
8950,F
8951,F
8952,M
8953,F
8954,F
8955,U
8956,U
8957,M
8958,F
8959,F
8960,F
8961,F
8962,F
8963,F
8964,F
8965,F
8966,F
8967,F
8968,F
8969,F
8970,F
8971,F
8972,F
8973,F
8974,U
8975,F
8976,F
8977,U
8978,F
8979,U
8980,M
8981,M
8982,F
8983,F
8984,M
8985,F
8986,F
8987,U
8988,F
8989,F
8990,M
8991,U
8992,M
8993,F
8994,F
8995,F
8996,F
8997,F
8998,M
8999,F
9000,F
9001,F
9002,M
9003,F
9004,F
9005,F
9006,M
9007,M
9008,F
9009,F
9010,U
9011,F
9012,M
9013,M
9014,M
9015,F
9016,F
9017,F
9018,M
9019,M
9020,F
9021,F
9022,F
9023,F
9024,F
9025,F
9026,F
9027,M
9028,F
9029,F
9030,U
9031,U
9032,F
9033,M
9034,U
9035,U
9036,M
9037,F
9038,F
9039,F
9040,F
9041,F
9042,F
9043,F
9044,F
9045,F
9046,F
9047,M
9048,M
9049,U
9050,U
9051,F
9052,M
9053,F
9054,F
9055,F
9056,F
9057,F
9058,M
9059,M
9060,F
9061,M
9062,F
9063,U
9064,F
9065,F
9066,U
9067,M
9068,F
9069,F
9070,F
9071,F
9072,F
9073,F
9074,F
9075,F
9076,F
9077,F
9078,F
9079,F
9080,F
9081,F
9082,F
9083,M
9084,M
9085,F
9086,F
9087,F
9088,M
9089,F
9090,F
9091,F
9092,F
9093,F
9094,F
9095,F
9096,F
9097,F
9098,F
9099,M
9100,F
9101,F
9102,M
9103,F
9104,M
9105,F
9106,F
9107,U
9108,F
9109,M
9110,F
9111,F
9112,F
9113,F
9114,M
9115,F
9116,F
9117,F
9118,F
9119,F
9120,F
9121,F
9122,F
9123,F
9124,F
9125,M
9126,F
9127,F
9128,F
9129,F
9130,U
9131,U
9132,F
9133,M
9134,F
9135,M
9136,U
9137,F
9138,M
9139,U
9140,U
9141,F
9142,F
9143,F
9144,F
9145,F
9146,F
9147,F
9148,F
9149,M
9150,F
9151,M
9152,F
9153,F
9154,M
9155,U
9156,M
9157,M
9158,M
9159,U
9160,F
9161,F
9162,M
9163,F
9164,U
9165,F
9166,U
9167,F
9168,F
9169,F
9170,U
9171,F
9172,F
9173,F
9174,F
9175,F
9176,F
9177,F
9178,F
9179,F
9180,F
9181,F
9182,M
9183,F
9184,F
9185,F
9186,F
9187,F
9188,F
9189,F
9190,F
9191,F
9192,M
9193,F
9194,F
9195,F
9196,F
9197,U
9198,M
9199,F
9200,F
9201,F
9202,M
9203,F
9204,M
9205,F
9206,F
9207,F
9208,F
9209,M
9210,F
9211,F
9212,F
9213,F
9214,F
9215,F
9216,M
9217,F
9218,F
9219,M
9220,F
9221,F
9222,F
9223,F
9224,M
9225,F
9226,F
9227,M
9228,F
9229,M
9230,F
9231,F
9232,M
9233,F
9234,F
9235,F
9236,F
9237,M
9238,M
9239,M
9240,M
9241,F
9242,U
9243,F
9244,F
9245,U
9246,F
9247,F
9248,F
9249,F
9250,M
9251,F
9252,M
9253,F
9254,F
9255,M
9256,F
9257,F
9258,F
9259,F
9260,F
9261,F
9262,F
9263,M
9264,F
9265,F
9266,F
9267,F
9268,F
9269,F
9270,M
9271,F
9272,F
9273,F
9274,M
9275,F
9276,F
9277,M
9278,F
9279,F
9280,F
9281,F
9282,F
9283,F
9284,U
9285,F
9286,M
9287,F
9288,F
9289,F
9290,F
9291,F
9292,F
9293,F
9294,M
9295,F
9296,F
9297,F
9298,M
9299,M
9300,U
9301,F
9302,F
9303,F
9304,M
9305,F
9306,F
9307,F
9308,M
9309,F
9310,F
9311,F
9312,F
9313,M
9314,F
9315,F
9316,F
9317,F
9318,F
9319,U
9320,F
9321,F
9322,F
9323,U
9324,F
9325,U
9326,F
9327,M
9328,F
9329,F
9330,F
9331,F
9332,F
9333,F
9334,F
9335,F
9336,U
9337,F
9338,U
9339,F
9340,F
9341,M
9342,M
9343,F
9344,M
9345,F
9346,F
9347,F
9348,F
9349,F
9350,F
9351,F
9352,F
9353,F
9354,U
9355,F
9356,F
9357,U
9358,F
9359,M
9360,F
9361,F
9362,F
9363,F
9364,F
9365,M
9366,F
9367,F
9368,U
9369,M
9370,F
9371,U
9372,M
9373,F
9374,F
9375,F
9376,F
9377,F
9378,M
9379,M
9380,F
9381,F
9382,F
9383,U
9384,F
9385,M
9386,M
9387,M
9388,F
9389,F
9390,U
9391,U
9392,F
9393,F
9394,F
9395,U
9396,M
9397,U
9398,M
9399,U
9400,M
9401,F
9402,F
9403,M
9404,F
9405,F
9406,F
9407,F
9408,F
9409,M
9410,F
9411,F
9412,F
9413,F
9414,F
9415,M
9416,F
9417,F
9418,F
9419,F
9420,M
9421,M
9422,F
9423,F
9424,F
9425,M
9426,F
9427,M
9428,F
9429,U
9430,M
9431,F
9432,U
9433,F
9434,M
9435,F
9436,F
9437,M
9438,F
9439,F
9440,F
9441,F
9442,F
9443,F
9444,F
9445,M
9446,F
9447,F
9448,F
9449,F
9450,F
9451,F
9452,F
9453,F
9454,F
9455,F
9456,F
9457,F
9458,F
9459,M
9460,F
9461,F
9462,F
9463,F
9464,F
9465,U
9466,F
9467,M
9468,F
9469,F
9470,M
9471,F
9472,F
9473,F
9474,F
9475,F
9476,M
9477,F
9478,F
9479,M
9480,F
9481,F
9482,F
9483,U
9484,F
9485,F
9486,F
9487,F
9488,F
9489,F
9490,F
9491,F
9492,U
9493,M
9494,U
9495,F
9496,F
9497,F
9498,F
9499,F
9500,M
9501,F
9502,F
9503,F
9504,F
9505,F
9506,F
9507,M
9508,F
9509,M
9510,F
9511,F
9512,F
9513,F
9514,F
9515,F
9516,F
9517,M
9518,F
9519,F
9520,M
9521,F
9522,F
9523,U
9524,M
9525,F
9526,F
9527,F
9528,F
9529,F
9530,F
9531,F
9532,M
9533,M
9534,F
9535,F
9536,F
9537,F
9538,F
9539,F
9540,F
9541,F
9542,F
9543,F
9544,F
9545,F
9546,U
9547,M
9548,F
9549,M
9550,F
9551,M
9552,F
9553,F
9554,F
9555,F
9556,F
9557,U
9558,F
9559,M
9560,F
9561,F
9562,M
9563,F
9564,F
9565,F
9566,F
9567,F
9568,F
9569,F
9570,F
9571,F
9572,M
9573,F
9574,F
9575,U
9576,F
9577,F
9578,F
9579,M
9580,F
9581,F
9582,F
9583,M
9584,M
9585,F
9586,F
9587,F
9588,M
9589,F
9590,F
9591,U
9592,F
9593,F
9594,M
9595,F
9596,F
9597,M
9598,M
9599,U
9600,F
9601,F
9602,M
9603,M
9604,F
9605,F
9606,M
9607,M
9608,F
9609,F
9610,F
9611,M
9612,M
9613,U
9614,U
9615,M
9616,F
9617,F
9618,F
9619,F
9620,F
9621,M
9622,F
9623,F
9624,F
9625,M
9626,F
9627,F
9628,F
9629,M
9630,F
9631,F
9632,F
9633,F
9634,F
9635,F
9636,F
9637,F
9638,F
9639,F
9640,F
9641,M
9642,F
9643,F
9644,F
9645,F
9646,F
9647,M
9648,M
9649,M
9650,U
9651,F
9652,F
9653,F
9654,F
9655,U
9656,F
9657,F
9658,F
9659,F
9660,M
9661,F
9662,U
9663,F
9664,F
9665,M
9666,F
9667,U
9668,F
9669,F
9670,M
9671,M
9672,F
9673,M
9674,F
9675,F
9676,F
9677,F
9678,F
9679,F
9680,M
9681,F
9682,U
9683,M
9684,F
9685,F
9686,F
9687,F
9688,F
9689,F
9690,F
9691,M
9692,F
9693,M
9694,M
9695,F
9696,F
9697,M
9698,F
9699,F
9700,F
9701,F
9702,F
9703,M
9704,F
9705,F
9706,F
9707,F
9708,F
9709,M
9710,F
9711,F
9712,F
9713,F
9714,F
9715,F
9716,M
9717,U
9718,F
9719,F
9720,F
9721,F
9722,F
9723,M
9724,U
9725,M
9726,U
9727,F
9728,F
9729,M
9730,F
9731,U
9732,F
9733,M
9734,M
9735,F
9736,F
9737,F
9738,F
9739,M
9740,F
9741,M
9742,F
9743,F
9744,F
9745,F
9746,M
9747,F
9748,F
9749,F
9750,F
9751,F
9752,M
9753,M
9754,F
9755,F
9756,F
9757,M
9758,F
9759,F
9760,F
9761,F
9762,M
9763,F
9764,F
9765,F
9766,F
9767,F
9768,F
9769,F
9770,F
9771,F
9772,F
9773,F
9774,U
9775,M
9776,F
9777,U
9778,M
9779,F
9780,M
9781,F
9782,M
9783,F
9784,F
9785,M
9786,F
9787,F
9788,F
9789,M
9790,F
9791,F
9792,M
9793,F
9794,F
9795,M
9796,F
9797,F
9798,F
9799,F
9800,M
9801,M
9802,F
9803,F
9804,M
9805,U
9806,F
9807,F
9808,F
9809,M
9810,F
9811,M
9812,F
9813,F
9814,F
9815,U
9816,F
9817,M
9818,F
9819,M
9820,F
9821,F
9822,F
9823,F
9824,M
9825,F
9826,F
9827,M
9828,F
9829,F
9830,F
9831,F
9832,F
9833,F
9834,F
9835,F
9836,F
9837,F
9838,F
9839,F
9840,F
9841,F
9842,F
9843,F
9844,F
9845,U
9846,F
9847,F
9848,F
9849,M
9850,M
9851,M
9852,F
9853,M
9854,M
9855,F
9856,M
9857,F
9858,F
9859,M
9860,F
9861,F
9862,M
9863,M
9864,F
9865,M
9866,M
9867,M
9868,F
9869,F
9870,F
9871,M
9872,F
9873,M
9874,F
9875,F
9876,F
9877,M
9878,F
9879,F
9880,F
9881,U
9882,M
9883,F
9884,M
9885,F
9886,M
9887,F
9888,F
9889,F
9890,F
9891,F
9892,U
9893,U
9894,F
9895,F
9896,F
9897,F
9898,U
9899,U
9900,M
9901,F
9902,M
9903,M
9904,F
9905,M
9906,M
9907,F
9908,F
9909,M
9910,M
9911,F
9912,M
9913,F
9914,F
9915,F
9916,F
9917,U
9918,M
9919,F
9920,M
9921,M
9922,F
9923,M
9924,M
9925,F
9926,F
9927,U
9928,F
9929,F
9930,M
9931,F
9932,F
9933,F
9934,F
9935,F
9936,F
9937,M
9938,M
9939,F
9940,F
9941,F
9942,F
9943,F
9944,F
9945,F
9946,F
9947,F
9948,M
9949,U
9950,F
9951,F
9952,F
9953,M
9954,F
9955,F
9956,U
9957,F
9958,F
9959,F
9960,F
9961,M
9962,F
9963,U
9964,M
9965,F
9966,F
9967,F
9968,M
9969,F
9970,M
9971,F
9972,F
9973,F
9974,F
9975,F
9976,F
9977,F
9978,F
9979,M
9980,M
9981,F
9982,M
9983,M
9984,F
9985,F
9986,U
9987,F
9988,F
9989,F
9990,F
9991,M
9992,U
9993,F
9994,F
9995,U
9996,F
9997,F
9998,F
9999,F
10000,M
